dataset,id,s10_n100_raw_selected_index,s10_n100_raw_selected_rmsd,s10_n100_raw_oracle_rmsd,s10_n100_refined_selected_index,s10_n100_refined_selected_rmsd,s10_n100_refined_oracle_rmsd,s25_n40_raw_selected_index,s25_n40_raw_selected_rmsd,s25_n40_raw_oracle_rmsd,s25_n40_refined_selected_index,s25_n40_refined_selected_rmsd,s25_n40_refined_oracle_rmsd
astex,1g9v,26,1.503022127532022,1.2457506725166911,26,1.449781695863231,1.015488819483929,26,1.4079565240538519,1.1054370710947683,26,1.3658429999840043,1.034093294910315
astex,1gkc,75,1.040482370878268,0.7399608157251871,75,1.078850244007905,0.7188532891605076,24,0.9041212641926264,0.9041212641926264,24,0.8727527724212233,0.8727527724212233
astex,1gm8,19,3.586297612510348,2.2124039783816065,19,3.538521888603895,2.2318634039902956,25,2.229377365329746,2.229377365329746,25,2.219007198062587,2.219007198062587
astex,1gpk,84,4.30594754648992,2.2725180137815637,26,2.76951105141311,2.262293588429545,10,2.7691296026339973,2.267886258465549,10,2.7650799513971176,2.2659973620743226
astex,1hnn,89,1.01126126990398,0.4136937037272046,33,1.0117823064041966,0.4063009575105325,6,1.0035626038841345,0.4376880188915056,17,1.0056998701835262,0.430907070947772
astex,1hp0,36,2.3027756223651332,1.0346912255307121,38,2.166068111791484,0.7715301606483329,36,2.2535544288766576,0.9411314760350019,38,2.1680175110824496,0.7478083755494709
astex,1hq2,93,0.8946681264500479,0.3966721674779574,54,1.0485472695844387,0.3624959542451574,0,0.8608346592176923,0.3307904986849752,13,0.9552368560628337,0.3043537072743639
astex,1hvy,96,2.9894701391069707,1.695072301470171,90,1.663769672019925,1.663769672019925,13,2.716141281501675,1.8959609923271339,3,2.3309376900591845,1.864850194326305
astex,1hwi,61,0.807661233512334,0.807661233512334,42,0.7954483239412956,0.7954483239412956,5,1.1129603529478918,1.1129603529478918,5,1.1163805078090308,1.1163805078090308
astex,1hww,86,0.45104113420266384,0.3617672245016866,34,0.5033159655127857,0.46574845733605313,37,0.48415484633522554,0.44020599599395827,34,0.5002125183407866,0.4826839257965306
astex,1ia1,43,0.43112831104805927,0.43112831104805927,43,0.38522820276473335,0.38522820276473335,20,0.7631685570895647,0.7631685570895647,9,0.42848399583154234,0.42848399583154234
astex,1ig3,61,2.0742246597284786,0.9410420276099092,61,2.0370728044374835,0.9179451750648839,9,1.0054853328304598,1.0054853328304598,9,0.9938755369331301,0.9938755369331301
astex,1j3j,77,0.3865277631288075,0.3865277631288075,77,0.4438421429993724,0.4397506492720337,30,0.575716459180691,0.5422569875566041,30,0.4524643665403707,0.4524643665403707
astex,1jd0,35,0.9381661253082937,0.9381661253082937,73,1.1117849829367363,0.9381241157281456,35,0.9876749552099302,0.9875729989513258,35,0.9812892376134282,0.9812892376134282
astex,1jje,87,8.015159726882763,0.6199550223491044,58,1.069900968736574,0.5834824120193884,6,0.5987590461468062,0.5987590461468062,14,1.397747218940727,0.5733940298415837
astex,1jla,25,0.5881960826324367,0.5881960826324367,25,0.5764066709212607,0.5764066709212607,25,0.5711527747427892,0.5711527747427892,20,0.6760083582768265,0.5680305401220238
astex,1k3u,42,0.3310641966167947,0.3310641966167947,45,0.719550570282397,0.3733668015127595,3,1.093862738427286,0.8917995085014255,26,1.6667647522569393,0.7624294446975435
astex,1ke5,89,1.1026056057115379,0.24097912635325153,68,0.33448550265950144,0.33448550265950144,22,0.2557172304281973,0.2557172304281973,22,0.384916044419586,0.384916044419586
astex,1kzk,94,1.6574307732901485,1.313944127811041,94,1.7154831100723469,1.416478508660313,23,1.8622115436202684,1.6988375559318385,6,1.5858964697187785,1.5858964697187785
astex,1l2s,37,1.862782816369093,1.2776406199351076,37,1.9040146767611088,1.2535102175068755,37,1.8953430051527573,1.2573354849192453,37,1.9648374176102588,1.2454255713221756
astex,1l7f,57,2.8285370209334864,1.133024693067145,87,1.3557940517812779,1.112702001004623,10,2.6538284816485125,1.3181466595479925,11,1.1392535257714989,1.1392535257714989
astex,1lpz,50,2.597166070221989,1.1578800309788126,50,2.5519200064742944,1.2688769225865595,35,1.1690132180287827,1.1690132180287827,35,0.8336050370080351,0.8336050370080351
astex,1lrh,36,0.8170457066642917,0.5346850393810765,36,0.8270560250296237,0.4925484766190764,36,0.8161744581658825,0.38612312088031586,36,0.8275447589832173,0.3958737761911401
astex,1m2z,44,0.6486877597308744,0.6319967541457163,28,0.6267475036579648,0.6088046735143089,28,0.5897587665454839,0.5897587665454839,28,0.5913428783907453,0.5913428783907453
astex,1meh,67,3.597311015257131,1.7769765550822514,8,1.4717681106631186,1.4312975422512653,13,3.4919360856206825,1.7749462717582674,8,1.546415836074837,1.4700427038864154
astex,1mmv,93,1.489479254467682,0.9068121192528432,93,1.5568871622792777,0.9051752953422452,29,1.7213563076326577,1.1392336432709553,25,1.8036527616221525,0.9742363482256025
astex,1mzc,67,4.237902212531091,2.941837898854773,93,4.7097681775752065,3.1134837021321764,35,7.549166219717888,3.3923813958978415,35,7.493309051862665,3.2939011952882193
astex,1n1m,81,0.6550845049783569,0.6032590877769954,52,0.7053377854410751,0.5413705508466721,19,0.7867716108007984,0.7867716108007984,6,0.9614522088852135,0.7614414182920426
astex,1n2j,21,1.5411125398388423,0.6054683391434931,21,1.5184758301175256,0.5860295606660487,21,1.5560786234989166,0.619979378100199,21,1.541819007754574,0.6106367013512217
astex,1n2v,27,0.5563457908014385,0.4562334596615717,43,0.5381736858055837,0.4550870452463435,27,0.5555092626572771,0.45639440873190507,27,0.5758211000748198,0.4429542440419615
astex,1n46,78,0.31384620788812584,0.31384620788812584,78,0.32686026023964404,0.32686026023964404,37,0.6340147862810489,0.3949733026063676,37,0.5995601007514296,0.36586583370756326
astex,1nav,45,0.5483276355521477,0.44734524570654505,83,0.4869354916425423,0.4752372420839748,28,0.4419750561001186,0.4419750561001186,28,0.4842993696377691,0.4842993696377691
astex,1of1,88,0.5685298772293316,0.33153209393162364,54,0.33881121982246226,0.33881121982246226,9,0.437597009943374,0.437597009943374,9,0.3154061390915313,0.3154061390915313
astex,1of6,20,0.6738899520923264,0.2519046495906473,65,0.4851200241330721,0.44769355985465337,24,0.4743251126821816,0.32697163389873446,24,0.557422474356252,0.4513439806039246
astex,1opk,3,0.29749905564036877,0.26088290167560896,52,0.43375791297984095,0.2900828502738137,3,0.30646463268358753,0.30646463268358753,3,0.4090745346810586,0.4090745346810586
astex,1oq5,10,1.3796149719717847,0.4817138945771834,42,0.7162069591126795,0.4106280440592366,7,1.167155468540455,0.4299609484159067,7,1.07431203177577,0.40809341308776764
astex,1owe,49,0.5060843411633648,0.5060843411633648,56,0.6439865499942482,0.500951220744821,13,1.4066402166596823,0.6706477552184051,13,1.4163699417949263,0.6675715577797722
astex,1oyt,65,0.3392375388289792,0.3392375388289792,52,0.46115525911027644,0.3036867350112168,30,0.40026935643321776,0.40026935643321776,22,0.503029151886821,0.377736632940246
astex,1p2y,92,1.4346957143826402,1.0358223076137862,84,4.714555851481399,1.0862905746730014,18,1.9557578640711186,0.908542300133817,31,4.966215743221573,0.9933291915616793
astex,1p62,45,0.7410895233681197,0.3571244435494306,42,0.3834893038050661,0.3834893038050661,26,0.9046116581168306,0.4873804139379414,26,0.9627832153047953,0.4853825564111189
astex,1pmn,77,0.9617959117517814,0.9303061470825156,75,1.579955645544057,0.8229431067105479,12,1.4888202253349003,0.8308772397476829,34,1.015396389194028,0.7244955386573313
astex,1q1g,16,1.0028713881522349,1.0028713881522349,6,1.6129772701240912,0.9762470305311984,12,1.5450211263396698,0.8331073104465786,16,0.8039358507239968,0.8039358507239968
astex,1q41,62,0.5325659343879384,0.4647614482460573,30,0.5885981065036431,0.5885981065036431,30,0.526581599274945,0.526581599274945,30,0.6576068548946591,0.6576068548946591
astex,1q4g,37,0.5814661682363336,0.3318107740061695,88,0.5682243848068078,0.36533162281688353,37,0.5807375185093592,0.30003223714459676,24,0.3622018473888715,0.3250926298099915
astex,1r1h,18,1.7824478064811566,1.0178271498764249,53,1.089011342078033,1.0547987441953528,18,1.7311484646487896,1.0616465827164503,25,0.9693993465366848,0.9693993465366848
astex,1r55,50,1.0653396351267683,0.8550232391138104,50,1.056194985569402,0.8746160010253003,17,1.4358833800568471,1.328043580563806,17,1.4757965323726259,1.176123897168678
astex,1r58,77,2.062951271945212,1.2822750911090626,10,1.3144624412643802,1.1571798184211297,10,1.2484939332359635,1.1453507106338332,10,1.2382011561904644,1.1805515708279553
astex,1r9o,33,1.7787381338152077,1.1663995480496436,99,1.6865225483728699,0.8679343656052668,7,2.019835867865609,1.2203939650432147,7,1.9160189737591722,1.1154720382482686
astex,1s19,66,0.7976881914290929,0.7976881914290929,67,0.9260866384885996,0.7281212448042076,18,1.0085013400412879,0.9411292150140812,18,1.0354057685876015,0.9523675515391385
astex,1s3v,62,1.125328287458908,0.9414034984877616,74,0.9016137856309658,0.8808296744255741,12,1.1057342582301906,1.1057342582301906,12,1.0778631885660057,1.0778631885660057
astex,1sg0,74,7.315806931926931,0.9080192023173145,42,1.1687086080394986,0.8439515608882763,18,1.0468129606626626,1.0468129606626626,18,1.085471683839125,0.9460851332160596
astex,1sj0,83,1.5522041836047806,1.3818532641015955,72,1.4307497939502696,1.2861752130633013,39,5.367599043123818,1.3738344741112691,38,1.1526616819886228,1.1526616819886228
astex,1sq5,32,1.203676928256036,1.203676928256036,45,2.706202382542555,1.188002522213267,32,1.0430201445570373,1.0430201445570373,14,2.230099382200269,1.0627243333827594
astex,1sqn,49,0.3639071466534654,0.3639071466534654,49,0.3900711450234564,0.3900711450234564,3,0.5835251263498616,0.5835251263498616,3,0.57584117918137,0.57584117918137
astex,1t40,72,0.3759601171126641,0.3759601171126641,72,0.2789399737710327,0.2789399737710327,3,1.1439773006916067,1.067924931169659,26,0.6628437720407444,0.6628437720407444
astex,1t46,48,1.0058908763695313,1.0058908763695313,48,0.9436548529492249,0.9436548529492249,28,1.124693932213447,1.124693932213447,28,1.062041375428778,1.062041375428778
astex,1t9b,78,2.518390260101778,1.9557312835349823,78,2.558244631741208,1.5821308182807212,24,2.20399157478986,1.6529740021228025,26,1.572115925144812,1.3108192596104642
astex,1tow,33,0.9499108148891364,0.34453242612996426,86,0.9654131407543871,0.38918329485079284,33,0.9230928151233065,0.3087855102830429,33,0.9249450775545349,0.3635727530729777
astex,1tt1,34,0.9489570797575723,0.8727082097644956,59,3.745929394167429,0.9940380716882251,34,0.9786850042548938,0.9786850042548938,10,3.558866111786085,1.0378019518874044
astex,1tz8,29,0.9932219146537691,0.4169113473428459,29,0.9836695556747447,0.42593288349957276,29,0.8786510663242062,0.7883298470631678,29,0.8683423253518218,0.7517190748839062
astex,1u1c,7,0.4380578341583146,0.4380578341583146,71,0.5477551994871834,0.4619832601789485,2,0.4844765909968729,0.4844765909968729,2,0.5132699819077583,0.5132699819077583
astex,1u4d,13,0.6999616476516954,0.5911339736533004,20,0.740361569512045,0.6742471513456628,20,0.7074867755534385,0.6601356578842744,13,0.7544545361966246,0.7470868238752855
astex,1uml,24,1.9123724993222635,1.9123724993222635,24,1.8275526930920134,1.8275526930920134,7,3.4897113369778707,1.7218629321189676,24,1.7146567911644874,1.7146567911644874
astex,1unl,42,0.755881125125702,0.755881125125702,94,0.6799896665393709,0.6799896665393709,10,0.9241331530514616,0.9241331530514616,10,0.8785119271581349,0.8785119271581349
astex,1uou,44,0.28856034930375524,0.28856034930375524,44,0.3427122104011681,0.3427122104011681,26,0.2951009085281331,0.2951009085281331,4,0.3927692464036171,0.35585411120709226
astex,1v0p,71,1.7360015250191256,0.7653502465924885,58,1.718528993564018,0.6126951090875276,29,0.8770328680195794,0.8770328680195794,13,1.9285147055384895,0.8653678982657451
astex,1v48,10,0.7463063291528566,0.5651094906935612,93,0.6502468923982431,0.5526877603519815,9,1.2347801261780162,0.5779449975702533,27,0.5223567466388989,0.5223567466388989
astex,1v4s,46,0.908212466104533,0.8005924238676732,97,0.7894536930696064,0.7894536930696064,5,1.101735592123965,1.101735592123965,5,0.981907168028964,0.981907168028964
astex,1vcj,30,1.6139847993054952,1.1290916498153847,80,1.7420554758785702,1.0575411663060645,30,1.6071085336233937,1.0114052497137287,10,0.9413706980826038,0.9413706980826038
astex,1w1p,14,0.5412247300106925,0.3887196814580062,65,0.584931249617795,0.5324355122686153,34,0.5789286734909215,0.41312546008871703,31,0.5589350293537532,0.5435027519300253
astex,1w2g,27,1.018701666441408,0.6753846239275303,96,0.790685620714579,0.7226331962031399,27,0.9986011207633431,0.7470612890356568,27,1.0644111620853387,0.7443918471162526
astex,1x8x,90,0.7191956992256304,0.5065819700122773,42,0.8600569779725512,0.37694412561863017,10,1.0010670196065312,0.23685767246999775,10,1.014903766726449,0.2352644278268295
astex,1xm6,42,1.196782565108992,0.6350669434002788,30,2.1324003833505856,0.609815800226941,30,1.93158538049252,1.25852086626848,30,1.9378907782279504,1.235602844332694
astex,1xoq,3,1.735375340352961,1.735375340352961,3,1.5517406134785174,1.5517406134785174,3,1.663222161500718,1.663222161500718,3,1.5792398769404432,1.5792398769404432
astex,1xoz,21,0.36481939813801445,0.3402546566654783,64,0.4960381725801353,0.2974579922464787,21,0.3912088307922364,0.3912088307922364,21,0.41039798174789976,0.3973915235265534
astex,1y6b,60,1.6069466745437297,1.5832912846467515,60,1.6268336044148972,1.4778456829207745,17,1.550860871165485,1.550860871165485,17,1.5191427877254766,1.5191427877254766
astex,1ygc,18,2.983070751284424,1.5987746712411581,18,2.9531849192257154,1.602840417554252,18,2.838701882858231,1.8264903803096142,18,2.780621219462199,1.8119167046857059
astex,1yqy,54,0.8948613361654557,0.7101298669514192,11,0.5897956542048234,0.5897956542048234,11,0.6051550295179119,0.6051550295179119,11,0.5830185748978622,0.5830185748978622
astex,1yv3,38,0.23264808181411875,0.23097453281619726,97,0.6503038027557224,0.4454728725022629,14,0.26537046837319744,0.21796895279133469,14,0.6475695565201492,0.44271841042612425
astex,1yvf,64,0.959432943525632,0.959432943525632,64,0.8809695229487405,0.8809695229487405,20,1.129297152351318,1.129297152351318,20,1.0833831957819882,1.0833831957819882
astex,1ywr,85,0.5314771634037764,0.5314771634037764,85,0.5509386820535193,0.5509386820535193,27,1.6539111462786864,0.8015625090044731,27,1.6529191562940393,0.6329911661281947
astex,1z95,62,1.0477476736879516,0.6122516919657782,62,1.0768367258268767,0.576445816892985,4,1.099701789549073,0.7261602337157237,34,0.6903242975178865,0.6903242975178865
astex,2bm2,87,2.201084211082308,1.100174400653791,21,1.3287031029284009,1.0171680689130633,23,2.396304558606188,1.364800305206235,21,1.3756430609456511,1.3756430609456511
astex,2br1,51,1.0433777427067736,0.9411304268215708,41,0.8556077820456148,0.8556077820456148,36,1.3684516406234255,1.1377793411534756,36,1.3673766578424276,1.1330108533823313
astex,2bsm,14,1.0353678121087257,0.8854652859016137,41,0.8341957327054897,0.7695264078319589,14,0.9610478049491918,0.8015754481922359,14,0.9526534641326602,0.7174595629317839
posebusters,5sak_zry,57,5.262061595916748,4.745128631591797,13,5.273906707763672,4.64280891418457,12,5.254327297210693,4.757445812225342,13,5.270689964294434,4.750200271606445
posebusters,5sb2_1k2,39,0.5561906861367175,0.5561906861367175,47,0.8983027873145082,0.34142465462597693,20,0.44179677678636964,0.44179677678636964,20,0.3636203723684337,0.3636203723684337
posebusters,5sd5_hwi,89,0.7343432572913402,0.7343432572913402,89,0.8997360949093106,0.8775336815129859,10,1.1690366185911747,1.0558074224448109,3,1.485945043055689,0.9639189868293442
posebusters,5sis_jsm,77,1.123195934339001,0.9776818574203924,77,1.119712659613204,0.7606627218338969,23,1.441887958983955,0.9483020574739877,23,1.4106019446722395,0.8986931613534169
posebusters,6m2b_ezo,13,0.7264961011571504,0.5558985270768231,13,0.6433967864599429,0.5769902721436959,13,0.6081522881231294,0.6081522881231294,13,0.5241213446888427,0.5241213446888427
posebusters,6m73_fnr,31,0.5566830769778301,0.5566830769778301,31,0.43873223860362337,0.43873223860362337,0,0.6052029156119717,0.5357636743340718,31,0.4162106527277928,0.4162106527277928
posebusters,6t88_mwq,6,0.40208837201461073,0.24183402154471828,43,0.6283745538414572,0.6283745538414572,6,0.425140559022925,0.24422165374581412,13,0.6369562480768177,0.6369562480768177
posebusters,6tw5_9m2,22,1.204875395083987,1.204875395083987,34,1.2441853211551068,1.2338815900528055,34,1.3354678636272614,1.323327227261326,34,1.1881440479906977,1.1881440479906977
posebusters,6tw7_nzb,22,5.211921523062612,1.5031321957779473,92,4.390295663726626,1.4326890170596658,22,5.242340909794134,2.0960098621970276,22,5.264568166368715,2.102897882433069
posebusters,6vta_akn,59,4.958936054544156,2.848350317694772,53,7.057542091358775,2.7918423282169815,38,3.4634643701492682,2.878141861776777,18,2.7966446013013275,2.7966446013013275
posebusters,6wtn_rxt,77,0.575104278776643,0.575104278776643,77,0.5533353013546657,0.5533353013546657,3,0.7577669373715329,0.7577669373715329,3,0.6375629327923318,0.6375629327923318
posebusters,6xbo_5mc,11,0.6582192901695979,0.36930359586298545,67,0.39087791107919384,0.39087791107919384,11,0.6679637480093421,0.6262141350140573,37,0.5557513413634043,0.5511295636614117
posebusters,6xct_478,70,1.7059597533540645,0.8706120920949438,57,0.8282952969062164,0.7904971762690719,13,0.8195865956006796,0.8195865956006796,13,0.8250631493509263,0.8250631493509263
posebusters,6xg5_top,5,0.237141698249399,0.237141698249399,5,0.2489591754986297,0.2489591754986297,5,0.2790419877437266,0.2790419877437266,5,0.30419000681725006,0.30419000681725006
posebusters,6xht_v2v,8,1.1753384042755082,1.146955802390911,41,1.2816163094443231,1.1364604638945888,14,1.2470970119288334,1.1376317741011976,14,1.3094927005007684,1.053020005952412
posebusters,6xm9_v55,57,0.6590788645918683,0.6378302283491571,53,0.45609452048451776,0.45609452048451776,28,0.5341569401473264,0.5341569401473264,28,0.5585367148475341,0.5585367148475341
posebusters,6yja_2ba,62,3.0073427498395797,3.0073427498395797,9,6.375637921251788,3.173934962026322,30,3.940266901370851,3.698944581276858,9,6.712682614161676,3.7470412927988357
posebusters,6yms_ozh,84,2.306888415395618,1.9470291832146167,84,2.2715588026577187,1.9871841786975644,4,1.868287563473824,1.868287563473824,4,1.8144900200758236,1.8144900200758236
posebusters,6yqv_8k2,5,1.0683780415678383,0.9338731295169815,5,1.0723628585650953,0.8778406481743937,5,1.1484845202586216,0.6606658987425316,5,1.1038235548674036,0.5939693879166364
posebusters,6yqw_82i,75,0.38172742872897714,0.2639320895133733,11,0.48820922440453074,0.13052749089049043,1,0.33713030869112076,0.26397778105016195,1,0.3748608221370597,0.17060418071577274
posebusters,6yr2_t1c,4,3.375270341863824,1.6452579455861693,89,2.6591156565327774,1.574173832184686,5,1.6529141952580577,1.6529141952580577,13,2.5573672576827566,1.593019245493447
posebusters,6yrv_pj8,77,0.9650734186330399,0.9650734186330399,77,0.9154690752930356,0.9154690752930356,26,1.0619104474112269,1.0619104474112269,26,1.0371899729861096,1.0359035763504407
posebusters,6ysp_pal,69,0.8970240901064888,0.6371845150262206,69,0.9543639038199969,0.6395268289206495,23,0.7922781666774839,0.7922781666774839,23,0.8093315672124798,0.8093315672124798
posebusters,6yt6_pke,64,1.261713598046794,1.0017646381114047,13,1.217732974462762,1.0212620000307013,10,0.8138318526870418,0.8138318526870418,13,1.197324127003548,0.8151505627266579
posebusters,6yyo_q1k,42,1.164891788861728,0.8030265665305066,42,1.1606932406402752,0.8354825655279065,21,0.9466871602923982,0.9466871602923982,34,1.1378812519771584,0.9384360502346899
posebusters,6z0r_q4h,0,0.2168094256382217,0.17677877443824536,0,0.21699002837491166,0.17792475909256517,0,0.19261515954958536,0.1743235328738512,0,0.19372764114159172,0.17457458814181812
posebusters,6z14_q4z,23,0.6029501771672325,0.6029501771672325,23,0.6650642417608705,0.6650642417608705,2,0.6727192171197344,0.6487188317569441,2,0.7111350196957168,0.6967575261736636
posebusters,6z1c_7ey,29,0.49392029449836566,0.37576033648563145,15,0.37436227716054665,0.37436227716054665,29,0.46774225866727637,0.42906979439130627,29,0.4795963698540751,0.43840551902558333
posebusters,6z2c_q5e,83,0.8447119939303072,0.8447119939303072,25,0.9814477468473475,0.8132529547581729,25,0.9700695191071592,0.7901311988393952,25,0.9630191587287158,0.7002717827597875
posebusters,6z4n_q7b,4,4.790508322298863,0.6747804852482832,52,0.7423863751950075,0.48800675416248307,4,4.859927863677449,1.169697866884875,13,0.5629093831831558,0.5629093831831558
posebusters,6zae_acv,52,1.6823390996471665,1.600396618772456,58,2.2891897077373597,1.653391270392264,10,1.7323656937540783,1.6511086906012935,10,1.7759013854919947,1.6686699164580117
posebusters,6zc3_jor,87,1.068442667200187,0.9970641141986851,66,1.074039869310606,1.0177536095505353,9,4.287025651220006,1.028392313091185,4,1.0977122763502483,1.0688254657068712
posebusters,6zcy_qf8,54,3.1566979502619326,0.7642273276444884,0,0.5386617031570968,0.5386617031570968,13,0.555613861889946,0.555613861889946,0,0.5053544800202168,0.5022163789742968
posebusters,6zk5_imh,66,5.517903804779053,4.257129192352295,45,5.4817023277282715,3.5075764656066895,11,5.507954120635986,3.3628904819488525,11,5.513998508453369,3.0109810829162598
posebusters,6zpb_3d1,82,0.6406949811516227,0.5308864557094081,91,1.0967110662475645,0.4949270091795591,3,0.8602110655064215,0.5208470938392472,3,0.8272386733038026,0.5578574496065977
posebusters,7a1p_qw2,61,4.213456447946721,1.070142152241774,55,0.9677339488374607,0.9677339488374607,30,0.9237114649839663,0.9237114649839663,30,0.941134472073849,0.941134472073849
posebusters,7a9e_r4w,73,1.5460966345516312,1.084035109180472,66,1.2757041112963727,1.1112342134022557,14,1.4333629272281387,1.0703385955200824,33,1.6151864713327924,1.1183216147518908
posebusters,7a9h_tpp,14,1.13844643318342,0.8794782654871374,25,1.702265552683136,0.7893401733500177,25,1.7035121196192775,0.7437590928723772,25,1.6237520766684546,0.6954184459815984
posebusters,7afx_r9k,43,0.6148667274836885,0.2627432811350729,81,0.6306356468113111,0.17064634187140681,30,0.3924460321794576,0.3924460321794576,30,0.3720070525716455,0.3720070525716455
posebusters,7akl_rk5,25,0.3703765267680541,0.25934613392356376,18,0.6063956107201506,0.40060003641945835,25,0.32299813399421423,0.26769803639615025,18,0.5751898378283332,0.3904300962691955
posebusters,7an5_rdh,97,0.2848441839899477,0.2848441839899477,59,0.3870057800270136,0.28697022048975335,19,0.35989200389425097,0.32725559478759736,19,0.35404629243488706,0.35404629243488706
posebusters,7b2c_tp7,69,1.4659003502363872,0.9787274157653416,69,1.4141344114903094,0.9838328904467287,3,1.130355862310676,1.0212364646799998,3,1.160977586472017,1.004878424919856
posebusters,7b94_anp,6,1.7824934997399455,1.0124269881577674,13,1.808438371707505,0.9174352872673934,6,1.7909805023009095,0.9868818635699487,6,1.7947680160742063,0.8618615293304139
posebusters,7bcp_gco,42,0.8588960100692548,0.8588960100692548,42,0.7001831570233452,0.7001831570233452,31,1.6459847694431735,0.8989702167067024,29,1.4715524513759168,0.8710771827615946
posebusters,7bjj_tvw,26,2.9009538935484867,0.2251503036061733,91,2.8876494394307852,0.34378586477861345,13,2.921405117642345,0.37222453230864183,2,2.9302105917968633,0.4323896153490923
posebusters,7bka_4jc,28,1.0755748221205788,0.25383324339407404,14,1.034363914983699,0.23731260813521107,28,1.0488362845612116,0.30117861056171874,14,1.0408566259568814,0.29034654392985104
posebusters,7bmi_u4b,13,0.851166305965784,0.355688693698085,58,0.33330035671131303,0.33330035671131303,13,0.5425749660821578,0.5072099316727611,13,0.47323953230818466,0.44304139730331843
posebusters,7bnh_bez,82,0.3738364887841044,0.3738364887841044,82,0.38663876770383343,0.38663876770383343,20,0.9054040088892483,0.4021769306246645,13,0.4743497342857331,0.4743497342857331
posebusters,7btt_f8r,76,1.2393083610936402,1.0056263713087334,47,1.3591888916311066,0.9731889662480768,18,1.680405764362425,1.5279940140234405,18,1.6555585931527599,1.3176726365144646
posebusters,7c0u_fgo,92,10.340346658151645,2.5650637653030697,32,2.4891037085949317,2.3079166694267217,32,2.4307187632737244,2.4307187632737244,32,2.333205355211484,2.333205355211484
posebusters,7c3u_azg,13,3.0608490546097964,0.2368447616765774,9,3.02657365497169,0.3006900696245038,9,3.0252384228082776,0.3071171605244824,16,3.0254414761401742,0.3046583874175592
posebusters,7c8q_dsg,80,1.012812970224453,0.5973008500851885,26,0.6232919715558549,0.4494373639840482,26,0.5768930812242283,0.5768930812242283,10,1.0870016806127245,0.5958500211831238
posebusters,7cd9_fvr,24,1.1834363369779588,1.1834363369779588,24,1.0570600536654309,1.0570600536654309,24,1.1137948514673073,1.1137948514673073,24,0.9201198989140255,0.9201198989140255
posebusters,7cij_g0c,2,0.5762288013351013,0.5762288013351013,83,0.7932207803149212,0.6186580468396498,2,0.5366360536610604,0.5366360536610604,22,0.8454915893650755,0.5541729024290225
posebusters,7cl8_tes,30,0.40004115524334477,0.3982946715141041,30,0.6644371761650917,0.6005594076077783,8,0.46147256043918383,0.46147256043918383,8,0.6837847579562459,0.6524867660646952
posebusters,7cnq_g8x,68,0.6530290813606581,0.2623834385800313,80,0.8883203977464381,0.4543156209791775,6,0.5776300428707711,0.27416260817838584,37,0.8171659781355837,0.4855920753344709
posebusters,7cns_pmv,81,1.2628297009412193,1.2628297009412193,37,1.2242699889118107,1.2242699889118107,37,0.8477965109501817,0.8477965109501817,37,0.8367537777945743,0.8367537777945743
posebusters,7ctm_bdp,23,0.25138183721234675,0.20461060333363107,27,0.4972442611720783,0.2516891233174938,23,0.2717087594044703,0.20932184098050766,36,0.3910751353603539,0.23241104687223552
posebusters,7cuo_phb,85,1.1215553327190704,0.11911041208763204,19,0.46736100142712506,0.24769298691125424,21,0.45877254955675295,0.22910815553234987,30,0.6942479489310556,0.30569865524867107
posebusters,7d5c_gv6,42,1.4721861953199036,1.4721861953199036,42,1.3533453964849085,1.264558378300776,19,1.523287049939366,1.5080019122050619,19,1.229143936829793,1.229143936829793
posebusters,7d6o_mte,33,0.43427330299976097,0.3701770188141144,24,0.6719581976353708,0.37234676202971995,36,0.4451070540071388,0.36733958796952765,14,0.37366665830674106,0.37366665830674106
posebusters,7dkt_glf,57,0.3039470194174743,0.3039470194174743,57,0.22685109329838657,0.22685109329838657,15,0.16912112619556366,0.16912112619556366,15,0.22466631631601033,0.22466631631601033
posebusters,7dql_4cl,10,0.19554087007604995,0.19554087007604995,10,0.35594841172729447,0.35594841172729447,10,0.2804449925104806,0.2804449925104806,10,0.382137828599311,0.382137828599311
posebusters,7dua_hj0,5,0.2024981028972561,0.2024981028972561,22,0.269961170631612,0.2569653099538959,22,0.263098974436404,0.21878941339986457,22,0.2600011329050763,0.2600011329050763
posebusters,7e4l_mdn,59,0.8872108957564983,0.40584173487762065,37,0.7513758050856622,0.3285600913726286,4,1.0444287638763567,0.397814014427074,37,0.9220343055730915,0.32400024723594945
posebusters,7ebg_j0l,43,0.43777310213668624,0.3986154170320248,43,0.39851189170248547,0.3620722574740472,12,0.35853568322320406,0.30486975443469116,12,0.34398226388869163,0.28680110860847685
posebusters,7ecr_sin,37,0.39177561503448477,0.38982477048826986,37,0.557833615349839,0.5333382411571221,23,0.36812770927624533,0.36812770927624533,4,0.6014444934603428,0.6014444934603428
posebusters,7ed2_a3p,65,5.0020952574463315,1.080547036658671,24,1.0228229338406483,1.0228229338406483,24,1.2145372624902575,1.2145372624902575,24,1.176537569478367,1.176537569478367
posebusters,7elt_tym,65,0.8070412141997968,0.8070412141997968,65,0.7635554172540572,0.7635554172540572,27,1.1173189715816736,1.0359556594922463,29,0.9838832010247364,0.8778774465238831
posebusters,7epv_fda,78,3.7323405695387613,1.3888964693621975,54,1.6243064704993402,1.150849952401735,4,1.535159502645882,1.5051932152473881,0,1.7353227549475894,1.2391126561840784
posebusters,7es1_udp,37,0.7750247954601199,0.7083834080225044,37,0.8375285867585733,0.7578759753108348,37,0.7797939846033235,0.7019092411758177,37,0.8311251705603706,0.7463626655085406
posebusters,7f51_ba7,84,1.5377448192549412,1.5377448192549412,68,1.8875029128294494,1.504458732084537,31,2.3087951938065645,1.7208667652801075,15,1.651607410316085,1.5131855049750482
posebusters,7f5d_euo,15,0.7369578312030988,0.7369578312030988,9,0.9070693837175652,0.7136315676068243,15,0.5694972633388239,0.5694972633388239,15,0.5138283842783068,0.5138283842783068
posebusters,7f8t_fad,79,5.394406877485932,2.8811595811324855,79,5.257763823874399,2.5161184098957814,7,3.044305366573728,3.044305366573728,7,3.1575697541499057,3.1575697541499057
posebusters,7fb7_8nf,82,0.26195043509225757,0.1792867323660454,87,0.33392855976574515,0.31216773876040066,29,0.26139331534375315,0.26139331534375315,1,0.33477470064207904,0.33477470064207904
posebusters,7fha_adx,15,0.9089946459807079,0.9089946459807079,70,1.015216346863711,0.9842677411921208,15,0.9055230813122506,0.9055230813122506,15,0.9395636984742216,0.9395636984742216
posebusters,7frx_o88,38,10.125854978357788,2.207555650778225,70,10.202606192915656,1.9410472175455067,38,10.330627214389422,1.3940847599404083,38,10.257668190922661,1.241091166342857
posebusters,7ft9_4mb,37,5.628236449403189,1.0525642993326518,98,1.618920307419223,0.9442543315710892,37,5.6253884260757925,0.8057869240366226,33,0.8052778296916757,0.8052778296916757
posebusters,7jg0_gar,23,1.7907393712002533,1.0558307317118791,68,1.770369783009949,1.0290865793518553,23,1.8850008120371005,1.0947394076060235,26,1.6634037871140375,1.030266793581719
posebusters,7jhq_vaj,51,0.7854286943797466,0.3950677267550359,31,0.7075465422296612,0.45013043658379925,31,0.6510835143468037,0.5030255185151222,31,0.6375467363414906,0.5489881466791857
posebusters,7jmv_4nc,86,0.1668535701114906,0.1668535701114906,42,0.4328279071793513,0.33912554344890483,29,0.6442527566522472,0.2693282024255037,19,0.3697627258910064,0.3697627258910064
posebusters,7jxx_vp7,94,0.3331490208846165,0.18233654844639854,39,0.3194401144823691,0.18569263521013987,21,0.30772563833209277,0.30772563833209277,21,0.3066523442552123,0.3066523442552123
posebusters,7jy3_vud,93,4.7697536067476,1.4102893624247221,14,3.723649938221425,1.4004895589326538,14,3.797857588737929,1.334217111462806,14,3.789836870531256,1.3310202079261015
posebusters,7k0v_vqp,2,0.6529016740512336,0.6529016740512336,86,0.6650061678433418,0.49193194177101723,2,0.5103119514038758,0.5103119514038758,2,0.46623809360718915,0.46623809360718915
posebusters,7kb1_wbj,49,0.31009102085612605,0.31009102085612605,4,0.5594103498564769,0.3061388801072299,10,0.6047679740000712,0.45321248780894463,8,0.5059846620439228,0.3637811317674355
posebusters,7kc5_bjz,74,1.3043917455323903,1.3043917455323903,74,1.280759196041785,1.280759196041785,4,2.009274445675908,2.009274445675908,4,1.3828107560209726,1.3828107560209726
posebusters,7km8_wpd,58,1.7271430893750666,1.0429461286597361,83,0.9926191382797701,0.9154271562350071,31,1.2994461735207512,1.2522295018592124,31,1.2630359024175732,1.098335879356511
posebusters,7kqu_yof,29,0.6709597719780208,0.3216799761704276,1,2.064977860393445,0.5534187753376562,29,0.640607022887123,0.3964483457550019,17,1.1032556365614816,0.5670635137486211
posebusters,7kru_atp,35,0.35973470620291864,0.35973470620291864,35,0.33780857644026385,0.33780857644026385,35,0.3523040672057869,0.3523040672057869,35,0.35008015704423345,0.35008015704423345
posebusters,7kz9_xn7,95,1.00481267206664,0.7669708706896162,56,1.1958812008692723,0.8665024810259064,16,1.4249252912185646,0.7919514837304301,19,0.8929651241594517,0.8929651241594517
posebusters,7l00_xcj,82,1.8212065912472948,1.7280298788074442,27,1.3735975015906283,1.3735975015906283,26,1.9887577013343103,1.6577808831781127,10,1.479991444523494,1.479991444523494
posebusters,7l03_f9f,25,0.1966654909948423,0.1966654909948423,34,0.724841626691139,0.3223022957358822,34,0.7051927016340801,0.23195976470805102,34,0.7027947801501009,0.36297364230848894
posebusters,7l5f_xng,99,1.9305840853805492,1.6200308366644427,99,1.9572804352256938,1.706710389016278,16,1.5479299803732764,1.5479299803732764,16,1.5666893079301751,1.5666893079301751
posebusters,7l7c_xq1,40,0.6772614717541304,0.6772614717541304,40,0.6506060231272693,0.6506060231272693,13,1.2176706809297753,1.2176706809297753,13,1.1318244196299032,1.1318244196299032
posebusters,7lcu_xta,38,1.3729493733760758,1.2198290521929187,48,0.9199390838860761,0.9199390838860761,38,0.9882353679152116,0.9882353679152116,38,0.9731427642176226,0.9731427642176226
posebusters,7lev_0jo,37,0.6896566636766333,0.5419653312653928,81,0.7846426149252022,0.5595232403426192,14,0.3719375786896934,0.3719375786896934,14,0.39557693393672305,0.39557693393672305
posebusters,7ljn_gtp,73,4.3952031201911455,1.721113916168866,54,4.647567139666273,1.4783588254867615,11,4.671738351680897,1.6576484345455074,11,4.713217490782382,1.3968167807238543
posebusters,7lmo_nyo,12,1.0531615053170513,1.0531615053170513,12,1.0077778673213182,0.8720780541292498,12,0.968596165965126,0.968596165965126,12,0.8885771792913256,0.8885771792913256
posebusters,7loe_y84,18,0.20093528514662218,0.20093528514662218,18,0.461492968373196,0.461492968373196,18,0.18233004836869102,0.18233004836869102,18,0.43736058439174,0.43736058439174
posebusters,7lou_ifm,57,0.7247256429984907,0.2454860866273685,5,0.6352306111470974,0.4433913729700073,5,0.4840812496299313,0.29927958989078346,5,0.592654264483358,0.47231681789052854
posebusters,7lt0_onj,73,1.436633949963016,1.2788151464682795,32,1.3171192667753735,1.1236122793866632,32,1.3598935027750068,0.9255299520725097,32,1.3050406450949184,0.8413317755505579
posebusters,7lzd_yhy,99,0.8162214950026251,0.5565705134186995,58,0.7100636645247781,0.6051049344656698,19,0.8807759554229064,0.8807759554229064,19,0.889892916133496,0.889892916133496
posebusters,7m31_tdr,45,0.5053603869023838,0.47533197421905843,66,0.6426730530529527,0.6212068835047623,14,0.5270865531767083,0.5178207923542701,30,0.6281214579853643,0.6224184677175245
posebusters,7m3h_ypv,63,1.0078430602563686,1.0078430602563686,2,1.1230333762662073,0.9170728025685267,30,1.0345867746678739,1.0345867746678739,2,1.0305269721100732,1.0305269721100732
posebusters,7m6k_yrj,89,2.5411503219086033,1.900898453721597,0,1.6884227186961518,1.6884227186961518,5,1.7470934325443994,1.1019147544516432,23,0.9549182186721079,0.9549182186721079
posebusters,7mfp_z7p,28,2.082920260410087,2.0300820604111256,28,1.936344448424851,1.3077713445005117,28,2.0315175099106364,2.0315175099106364,28,1.936474792375283,1.3381112322141708
posebusters,7mgt_zd4,25,1.9109088414651216,1.2297134847207092,25,1.9681151011398428,0.866216221361614,1,1.0504682820552786,1.0439925893691488,13,1.448108182836086,0.889959877489564
posebusters,7mgy_zd1,36,1.3914642592518771,1.3914642592518771,69,1.1834991252360973,1.1834991252360973,36,1.3881754143093092,1.3881754143093092,31,1.611276382219042,1.1910591939702564
posebusters,7mmh_zjy,0,1.7318102624132432,1.7031710881459996,46,1.7582050809395506,1.6916284458496331,0,1.5211452334744373,1.5211452334744373,0,1.5018572632230116,1.5018572632230116
posebusters,7moi_hps,1,1.2398356876484173,0.2639185109240607,5,2.2082781916591006,0.2917995271411823,24,1.1460937466902021,0.5448233534965021,30,2.093546281251057,0.5000399816256167
posebusters,7msr_dca,3,1.5307721701392016,1.3136062340888448,67,1.3436980746038416,1.281449533547837,18,1.798140481718403,1.3736996681376274,3,1.6220672863017294,1.32123896658873
posebusters,7mwn_wi5,89,3.3305726422180353,1.338171016147891,88,1.0232592036199661,1.0232592036199661,21,1.9910906543573237,1.9910906543573237,21,1.939547438648576,1.939547438648576
posebusters,7mwu_zpm,73,0.2883776580505993,0.23892798129711265,45,0.5197143051233537,0.3154821660562421,39,0.5338649870475136,0.23546814536919528,39,0.5552097092589046,0.33062458782777254
posebusters,7my1_ipe,16,1.453134045762313,1.0659104718584196,27,1.9508921167980062,1.0459867342461557,16,1.4942720582013582,1.3237273266669245,16,1.4782544250668905,1.3291718303101896
posebusters,7myu_zr7,27,1.3749758355264774,0.7499237793367344,27,1.3745517400839586,0.5129313848473239,27,1.3094426494491493,0.6685741078896261,27,1.3495954799977568,0.4964079059269867
posebusters,7n03_zrp,21,1.3431658911154696,1.3431658911154696,21,1.3240599456891213,1.3240599456891213,21,1.2482659583149347,1.2482659583149347,21,1.2375172324315336,1.2375172324315336
posebusters,7n4n_0bk,39,1.5190062909239168,1.0007336120964858,44,1.598284925700395,0.9587674232694989,39,1.4947044035863541,1.1315044309897577,8,1.2238391665206536,1.1472060276969238
posebusters,7n4w_p4v,91,0.5337692676999166,0.5111536988448325,16,0.41596752594344555,0.3963120101212664,16,0.34999993973104626,0.34999993973104626,16,0.2984524420288021,0.2984524420288021
posebusters,7n6f_0i1,40,1.042162296214022,1.042162296214022,40,1.0542554557167192,0.9291913779412703,17,1.2918164141030124,1.2918164141030124,17,1.3138340363155374,1.3138340363155374
posebusters,7n7b_t3f,9,2.0700870876814284,1.5586727009349584,9,1.9595887380581622,1.2687198664737935,9,2.0992448793006178,1.7783348104049843,9,1.9851543846946604,1.7798973143461914
posebusters,7n7h_ctp,34,1.2401043620424157,1.2401043620424157,66,1.467814363707174,1.1834733506748467,34,1.3137339396001657,1.2301937937302498,0,1.1117469450906587,1.1117469450906587
posebusters,7nf0_byn,1,0.743357160485626,0.743357160485626,42,0.6545580128338501,0.6545580128338501,17,0.7187969353621528,0.7187969353621528,17,0.6644924369252071,0.6644924369252071
posebusters,7nf3_4lu,66,1.3839811506653223,0.9727058438141232,77,0.9828804331573581,0.9730350157321072,14,1.0154385791891716,0.9143011665925372,26,0.9033476532086107,0.9033476532086107
posebusters,7nfb_gen,13,0.23169611475228488,0.23169611475228488,1,0.5691981367969138,0.31951241611375986,39,0.219688138138933,0.219688138138933,1,0.4769349804628988,0.3141516954246888
posebusters,7ngw_uaw,5,0.5822199290942515,0.5806351191408436,34,0.6319593991595249,0.6097350537330004,34,0.5642382807531233,0.5642382807531233,7,0.905086855039746,0.6118204749296798
posebusters,7nlv_uje,49,0.9722682412059133,0.8289682489385489,15,1.0418158506988573,0.7462348222299547,31,1.076684103631439,0.8096141254112639,16,1.1560037834986243,0.8805175831064489
posebusters,7np6_uk8,63,0.40903589343838326,0.40903589343838326,63,0.2685217759616298,0.2685217759616298,22,0.7796876595818131,0.595644808016436,22,0.6415556714704053,0.5028827398233202
posebusters,7npl_ukz,70,0.3407902679893643,0.2837578413073546,70,0.33642666823757095,0.2889000720350809,36,0.2767692271305514,0.2767692271305514,25,0.4426536885873434,0.2929444723366524
posebusters,7nr8_uoe,61,1.764390082944447,1.3378952877989636,17,1.2444212315399468,1.1088482589459598,31,2.837755413030993,1.5216998456857669,17,1.2810851621322732,1.2810851621322732
posebusters,7nsw_hc4,26,0.1968463404817634,0.18286007465080234,26,0.2304394767213747,0.2197603501084677,26,0.18683140003688836,0.18683140003688836,26,0.2239582671819967,0.2239582671819967
posebusters,7nu0_dcl,52,2.0016171535609044,0.44823861929056635,24,0.8911901737713018,0.4704670805133093,24,0.9327667295269225,0.45997182903649697,24,0.9656141488179328,0.4006383298487418
posebusters,7nut_glp,77,0.8893088552546025,0.8893088552546025,53,2.3169543774579022,1.2256101204157128,23,1.274320330428732,1.165250256063797,34,2.324484975980173,1.3117832786564716
posebusters,7nxo_uu8,92,2.002422260727854,1.4677222256283702,70,1.4558093493084363,1.4558093493084363,6,1.7309944132190773,1.7309944132190773,6,1.693741237757842,1.693741237757842
posebusters,7o0n_cdp,35,0.6468428955084164,0.23216930103001016,31,0.6768619312102991,0.31655443491028445,31,0.6200407556973438,0.3907534842934671,31,0.6784883378343564,0.3917908045555232
posebusters,7o1t_5x8,13,1.144738881495737,0.7966614832161835,13,1.1469627197401413,0.7565747830145606,2,0.93474508662826,0.93474508662826,13,1.162094785408129,0.9068882215695825
posebusters,7ody_dgi,47,1.0126961904895178,0.8503919883991362,32,1.9803091599062428,0.8225698114692901,4,1.0864677198686847,0.8491624014758108,4,1.0959451206146855,0.8440482794619342
posebusters,7oeo_v9z,58,1.2890090313073184,1.2890090313073184,58,1.2326741132123638,1.2326741132123638,38,1.4205619965584606,1.4205619965584606,9,2.4955503798759056,1.358864748196532
posebusters,7off_vcb,11,0.9904490360100753,0.9558369824112442,8,0.7296887020932237,0.6476559800383354,11,0.8115607910082073,0.6584702069154159,8,0.5884806779669041,0.5884806779669041
posebusters,7ofk_vch,62,1.4835483005952426,1.2202373904207473,48,0.9599914970126934,0.9599914970126934,6,1.6557940217564886,1.2270683397212367,16,1.424262027106612,1.2525871317741988
posebusters,7oli_8hg,43,0.7289598234158572,0.3852421478579806,0,0.2981268953099596,0.2981268953099596,0,0.3531909332196008,0.3531909332196008,0,0.3263939359195126,0.3263939359195126
posebusters,7omx_cna,80,2.1495730820257295,2.146315356790036,62,1.934367939720453,1.934367939720453,6,2.1797349042514864,2.1797349042514864,6,2.3668408680654247,2.3035796035447613
posebusters,7op9_06k,42,4.466210144077034,0.3624224093640845,30,2.923077318593861,0.29389888976357914,30,2.870914735071316,0.8824041975366639,30,2.7912425527755946,0.7660987349849098
posebusters,7opg_06n,31,0.41101881257150263,0.41101881257150263,31,0.41951141025643157,0.41951141025643157,31,0.44017843010781227,0.3487360082087552,31,0.4543200288239604,0.43814827436158954
posebusters,7oso_0v1,60,3.350351221968971,0.8868318017773424,96,1.5078865575758993,0.9142212802935227,21,1.9561799720596258,0.7213120477384388,36,3.8674856227243595,0.7549353016740016
posebusters,7oz9_ngk,95,2.287376230258852,1.4891636080854833,62,1.9413093282714051,1.5849802846140955,33,2.268960305098043,1.493226861538446,7,1.590814049804191,1.5645402552545895
posebusters,7ozc_g6s,56,0.9599622255214091,0.9599622255214091,66,0.9828539989841464,0.9828539989841464,34,0.8655020689731732,0.8655020689731732,7,1.3139046909335346,0.8673042116519428
posebusters,7p1f_kfn,96,0.9581394137704097,0.9581394137704097,96,1.0149911209052254,1.0149911209052254,14,0.8947779161170979,0.8947779161170979,33,1.0338686549348122,0.9296677456444972
posebusters,7p1m_4iu,81,1.3412837082139144,1.3412837082139144,77,1.4320297843307603,1.4320297843307603,29,2.2961844520764543,1.3125294480852387,23,8.287913679975787,1.3167312656200658
posebusters,7p2i_mfu,79,0.49039437302763295,0.40378589357696704,79,0.5326831352813838,0.3805985197573806,25,0.3659906250495245,0.3659906250495245,25,0.40435620941539163,0.40435620941539163
posebusters,7p4c_5ov,92,0.430537934124813,0.32604434616924205,75,0.6837449930275998,0.29384297026525513,33,0.31271009625329516,0.31271009625329516,16,0.6257614436515891,0.3158664525311238
posebusters,7p5t_5yg,96,1.190407600962819,0.6441522886416247,36,0.7234683219361279,0.7234683219361279,36,0.6124726123551472,0.6124726123551472,36,0.6987147069379119,0.6987147069379119
posebusters,7pgx_fmn,3,2.3219528768680386,1.0819242089425922,83,1.2169737339901499,0.9937153563995561,3,2.286459407456665,1.1776188627940543,1,2.730169220425385,1.1710417093777454
posebusters,7pih_7qw,57,1.8180221772587217,0.4136577659532151,74,1.4709068465711281,0.41472499239019717,9,1.5417027984911014,1.0755751912945775,36,1.5428263780001912,1.0945885500793313
posebusters,7pjq_owh,92,0.5431694771169154,0.3877963488710765,11,0.36425192080578234,0.3583605166106385,11,0.36866308511299295,0.36866308511299295,11,0.34006093910660434,0.34006093910660434
posebusters,7pk0_byc,60,4.6471596404525535,1.7840841783241812,64,1.7258784834790857,1.7258784834790857,20,2.317267001250177,2.317267001250177,20,2.302033145631079,2.180855292256451
posebusters,7pl1_sfg,0,0.9926646187304001,0.6073379909687056,92,0.37935735083075295,0.37935735083075295,0,0.9322170075280317,0.5831371201470327,9,0.552496656530507,0.5451984913689879
posebusters,7pom_7vz,62,0.9395748482862293,0.9216315072078175,53,0.8789389773693056,0.8099152875517497,8,0.8731397751717995,0.8731397751717995,8,0.8935461640397924,0.8935461640397924
posebusters,7pri_7ti,69,5.026548132554209,0.6348493322943036,69,5.012664951308603,0.5070989175093609,14,3.4763385705675076,1.4802882652421536,36,3.436234524327007,1.2669432503245674
posebusters,7prm_81i,68,0.45275615767753963,0.45275615767753963,89,0.6471122825097582,0.4320194200570356,35,1.2031887541409836,0.8662844291352265,35,1.0254043250682303,0.6515071095177668
posebusters,7pt3_3kk,3,3.169643832448368,2.8279816325627394,73,4.5362127182102805,2.591113346964561,3,2.979676523917263,2.979676523917263,15,4.897967141443926,2.821553273039336
posebusters,7puv_84z,79,1.3574114428441058,0.895243507627867,79,1.2872656270826464,0.8722314553643307,26,1.866965168660508,1.2097988617157693,17,1.3693852740652717,0.9059934532384729
posebusters,7q25_8j9,32,1.2326724258407615,1.2326724258407615,32,1.2763755550652125,1.2763755550652125,32,1.0384503383414978,1.0384503383414978,32,1.004455379899241,1.004455379899241
posebusters,7q27_8kc,45,9.628102809848738,1.699981692590811,45,9.716893307956937,1.7808781857557914,8,2.225840733918323,2.225840733918323,8,2.1249530426567143,2.1249530426567143
posebusters,7q2b_m6h,11,1.297632357978708,0.7719560283668223,71,0.8018705068002935,0.6465135286408491,33,1.216502901031329,0.8249116092291008,33,1.1853812268974209,0.8014178080978801
posebusters,7q5i_i0f,4,0.9388364934882472,0.6865312857733424,6,0.6337082689620769,0.6337082689620769,4,0.9069763141059686,0.6890240952038413,6,0.6449513770604985,0.6449513770604985
posebusters,7qe4_nga,75,0.9991968992049827,0.9991968992049827,69,1.5775805405822538,1.0376649276655907,29,1.3442479673703278,1.0040709303616453,33,4.899220639112733,1.0091098937777294
posebusters,7qf4_rbf,59,1.163189834744597,1.0669247387206064,95,0.9607637305561268,0.8955726599862943,18,1.111249064941566,1.0155400406004746,16,1.2056454558764873,0.9622885788222639
posebusters,7qfm_ay3,16,0.668002408443075,0.20852331764525933,16,0.6691593212313962,0.21266290337727606,16,0.6008614096341891,0.21980548176499404,16,0.604628841646269,0.23077874415002506
posebusters,7qgp_dj8,74,0.7012299912062118,0.5825075268193949,74,0.7294122847706743,0.5921590539806759,33,0.6753426229075761,0.5810264759094181,33,0.6772308847212161,0.5781933458340808
posebusters,7qhg_t3b,13,1.3427456773420796,1.3427456773420796,13,1.273598758820866,1.273598758820866,13,1.2295283682283362,1.2011773590049855,19,1.1978897225732847,1.1933187764314213
posebusters,7qhl_d5p,2,0.975281993974009,0.9362230523358751,2,0.9372725908188947,0.886875000865895,2,1.058925251957369,1.0447214179976667,2,1.0381182238660513,1.026997820160601
posebusters,7qpp_vdx,2,1.7926427457199503,1.0592506070303245,16,1.0911567097862482,1.0911567097862482,2,1.8008409079657013,1.0716479162337664,2,1.8069679201848492,1.1004004530939107
posebusters,7qta_uri,37,1.38282099698552,1.163766244193533,87,1.149044423672724,1.149044423672724,37,1.3220815690314458,1.3220815690314458,36,2.873329194214469,1.4217460918313487
posebusters,7r3d_apr,32,1.3309131878823433,1.2850344811812522,9,0.9059754147356986,0.9059754147356986,32,1.1790592472908892,1.1197649793147002,32,1.1491743499031202,0.7911860143948595
posebusters,7r59_i5f,57,0.2780788695850717,0.25444979589569894,70,0.4055435826591577,0.26146310742673795,10,0.2721203273964288,0.2666707710457785,10,0.2641646325305961,0.2629675368690997
posebusters,7r6j_2i7,56,4.397343501128164,1.785403313773154,22,3.86221057992113,1.7876767769535014,14,2.276903336297463,1.9787464835469648,21,2.516652687294273,1.9993019373237828
posebusters,7r7r_awj,97,1.1268782007457778,1.1268782007457778,74,1.3066456971275218,1.0133545654225624,18,1.9189982438477824,1.8950128911714748,34,3.6014167970087434,1.8665279520421547
posebusters,7r9n_f97,36,0.7047239604387195,0.7047239604387195,60,0.930436156061877,0.625916432957836,36,0.6429401297492611,0.6429401297492611,29,1.0509451840023685,0.5881064217886983
posebusters,7rc3_sah,38,0.7417811487978176,0.7259036359033498,94,0.8437535905203927,0.6740623111677493,38,0.7517610364131162,0.7517610364131162,33,0.9911311784999391,0.7578460066124073
posebusters,7rh3_59o,84,2.2928401473533935,1.7270038036415605,89,5.434560775024703,1.8102796990527834,28,1.3582570890165582,1.3582570890165582,10,6.055395412367151,1.4435904984493366
posebusters,7rkw_5tv,53,4.464516149239537,1.2007628623276887,53,4.618963246211316,1.1196487298616613,14,2.9021455574501815,1.175584694854681,18,1.193869553496784,1.193869553496784
posebusters,7rni_60i,19,3.631283181785902,2.9114067265896977,65,9.168506295050646,2.693333473641707,19,3.499793227906002,2.45142171196141,11,2.4847434774813557,2.4847434774813557
posebusters,7ror_69x,20,0.8443440089809784,0.7740373140907365,20,0.6932308018499402,0.5236033992001718,13,0.6887150207972674,0.6887150207972674,13,0.6627299677880208,0.6174759350644611
posebusters,7rou_66i,86,1.274039113102216,1.274039113102216,92,1.7278643063865522,1.2356264315512338,20,1.7076395017881432,1.348695371248047,20,1.579066754668508,1.197976952185933
posebusters,7rsv_7iq,42,0.504136112559829,0.504136112559829,51,0.44927387871180785,0.44927387871180785,11,1.5038894321453513,0.751244021367783,28,0.6080473018853512,0.6080473018853512
posebusters,7rws_4ur,54,3.0438959582950558,1.935681492556932,62,3.942747125872832,1.8692082576008902,25,2.85128138191504,1.8518762818983285,4,9.488233983040244,1.847783655039595
posebusters,7rzl_npo,53,0.5614001394839327,0.4762786286977846,21,1.3023700798912408,1.0367676879068797,26,0.8413671427323991,0.4596111200241487,26,1.0770731181937168,1.0722200858031363
posebusters,7scw_gsp,81,0.7937762401641578,0.5947898177632934,61,1.0453390063049828,0.574407190125575,10,0.6518264843332082,0.6518264843332082,23,0.5564121096622303,0.5564121096622303
posebusters,7sdd_4ip,11,3.963031528787395,1.1300911952303625,11,4.261656248773322,1.1268052980677294,11,4.082596020919452,1.228827227314294,11,4.194267495745362,1.2655875040965376
posebusters,7sfo_98l,99,0.561114258407629,0.561114258407629,99,0.5218101907977101,0.5218101907977101,5,1.198392920925754,1.198392920925754,5,1.4767819648743448,1.4767819648743448
posebusters,7siu_9id,85,0.5613454232806555,0.4418951728281437,85,0.5188745821442241,0.32605122332170544,32,1.355905590773937,0.7381733780217731,32,1.4009625606756937,0.6582396202031433
posebusters,7suc_com,61,1.089454076156612,0.4919277381655736,99,1.6351184301222823,0.6700438742458005,19,0.7650534347522545,0.5189040481923265,10,0.9334224845332955,0.6639735371384047
posebusters,7sza_dui,95,0.4349021836646258,0.4349021836646258,95,0.37072247299232164,0.37072247299232164,26,0.6814992494125164,0.6814992494125164,26,0.5239853284333895,0.5239853284333895
posebusters,7t0d_fpp,30,1.354189198956962,1.1963071599695188,9,1.119463057557776,1.119463057557776,30,1.3954421181146932,1.205286993383371,9,1.1706585607371691,1.064771068092651
posebusters,7t1d_e7k,79,0.9328355053010962,0.9328355053010962,23,1.6137135821658686,0.8646934548030366,23,1.5281847114165885,1.3414416039475232,3,1.5672029041236142,1.194122622568891
posebusters,7t3e_slb,97,1.1597265518966198,1.1597265518966198,47,3.9781510970062737,1.2410829328427226,28,4.257859370295417,1.3911346079318097,12,1.5295896908977984,1.5014534256960717
posebusters,7tb0_ud1,22,2.0860431193595264,1.686155873087207,24,1.67030542368328,1.67030542368328,11,3.026511296051798,1.705394058916302,24,1.6262954343669276,1.6262954343669276
posebusters,7tbu_s3p,12,0.947372052987168,0.9432560862397933,10,1.0848656280947673,0.8775691953440347,4,1.0645910998809078,0.9555435020063169,32,1.1334417571856064,0.9397782517369867
posebusters,7te8_p0t,32,1.2003975300974707,0.761383809846498,32,1.2102990725911313,0.7909219543356713,32,1.2268017631392742,0.9454649799007521,32,1.236154022876454,0.8041022674964344
posebusters,7th4_ffo,67,1.147774534565137,1.147774534565137,51,1.557626592233498,1.0142218222597115,7,1.747390854139947,1.747390854139947,7,1.7283984871372546,1.7094569527315007
posebusters,7thi_pga,28,0.8619705864329729,0.33354827268154524,88,0.89596335702597,0.3917868735342006,28,0.6190717167571536,0.48170772434798254,37,0.6784935946034109,0.5394176634842086
posebusters,7tm6_gpj,29,0.36119856601330375,0.36119856601330375,32,0.8090359714401262,0.18521344677339324,29,0.33989549005386516,0.33989549005386516,18,0.26182331987812224,0.26182331987812224
posebusters,7tom_5ad,87,0.7809383360931768,0.7203764628813224,82,0.7210513262966063,0.7210513262966063,9,0.8042471658110709,0.8042471658110709,27,0.7820828771854436,0.7769622039615615
posebusters,7ts6_kmi,93,1.0753964320767349,0.6133274146524725,28,1.1487317437823215,0.7401896593271912,38,0.6635197939452573,0.5764488218470206,28,1.1732822211785887,0.7192980636594094
posebusters,7tsf_h4b,28,0.8146918396912461,0.7373567404339718,60,0.9089845533367801,0.9089845533367801,28,0.7289797348735862,0.5706031993482522,28,1.004043317504614,0.8593314076389337
posebusters,7tuo_kl9,10,1.833858941183802,0.8147629265181066,29,0.8031116083834712,0.8031116083834712,10,1.8030766344170954,0.7939975109247961,29,0.7999071088587072,0.7999071088587072
posebusters,7txk_lw8,89,0.5171023187032158,0.5171023187032158,89,0.5078658781506415,0.5078658781506415,21,0.3589195147704548,0.3589195147704548,21,0.35080053940007583,0.35080053940007583
posebusters,7typ_kur,21,0.7546674316486234,0.7546674316486234,21,0.7688073573842422,0.7688073573842422,21,0.7226891027387692,0.7226891027387692,21,0.738304286028845,0.738304286028845
posebusters,7u0u_fk5,14,4.010442782792616,3.463408416884655,31,5.074472019255721,3.4145019974381805,31,5.121645177721594,3.5054828226028465,3,6.783742270235143,3.440578164330772
posebusters,7u3j_l6u,75,1.7464937509285159,1.617078446563064,64,1.575387159048678,1.575387159048678,25,1.7226173067136232,1.6933382224990776,25,1.5260678964282655,1.5015156499531002
posebusters,7uas_mbu,76,1.4431112379308373,1.4431112379308373,76,1.3632814978504986,1.3632814978504986,20,1.7076233778680106,1.7076233778680106,20,1.6838822210040185,1.6838822210040185
posebusters,7uaw_mf6,19,1.3180678126119216,1.1225163435166199,64,1.3060525113600074,1.3060525113600074,19,1.2602135485450237,1.2602135485450237,19,1.3268827189876393,1.3268827189876393
posebusters,7uj4_oq4,93,2.1778419064653356,2.081874553274877,94,1.6947175929941765,1.6947175929941765,30,2.0393582146888156,2.0393582146888156,30,2.0199326550886263,2.0199326550886263
posebusters,7uj5_dgl,63,0.33272586243649804,0.33272586243649804,4,0.3365558774647694,0.3365558774647694,4,0.24300147924422644,0.24300147924422644,5,0.34741381022913315,0.2883199863735526
posebusters,7ujf_r3v,95,1.1343786209359767,0.4963564205061918,74,1.2381109588717791,0.5054700155999186,22,1.452123412874702,0.8215482963686689,39,1.1781461443580368,0.8223444448359576
posebusters,7ulc_56b,77,1.2688654121491634,0.8404718989063213,77,1.2514768478320766,0.7488756426129114,17,0.8853563857106569,0.7402699332875992,17,0.8190070316762132,0.7523685397514018
posebusters,7umw_nad,98,0.8402444405793221,0.8402444405793221,98,0.7876049525942577,0.7876049525942577,32,1.7227281731581827,1.1122780467964517,32,1.6961258519563318,1.0393258174822908
posebusters,7uq3_o2u,80,0.7038346506788496,0.3676880930260086,97,0.6392042435100793,0.3101234457876137,22,0.7911298471558756,0.433062058196561,22,0.6226489146507427,0.37035895401194013
posebusters,7ush_82v,18,1.3355470821986033,0.7690552160837684,88,0.4393334760141957,0.4393334760141957,31,0.8718261534527849,0.8718261534527849,18,1.6330232662397266,0.9320938043725158
posebusters,7utw_nai,27,0.9879118282505778,0.80494704304047,48,0.7834622853669614,0.7834622853669614,27,0.92968097324032,0.9291573395543133,38,0.8949072116875185,0.819925956931463
posebusters,7uxs_ojc,50,2.4535761452252487,2.4535761452252487,92,2.739315401793518,2.658146994081953,13,2.881863053295751,2.634013500847293,13,3.3445513685928274,2.62801396896403
posebusters,7uy4_smi,51,2.125202353868636,1.8272611266370147,42,2.5388625007591217,1.507978780105428,12,1.972845231268994,1.5527414090530913,12,2.1734779249375014,1.5662117450979713
posebusters,7uyb_ok0,25,0.5316645198951928,0.5316645198951928,64,1.0792166329984985,0.45761486977594484,25,0.4509945097372782,0.4509945097372782,25,0.41860806618233454,0.41860806618233454
posebusters,7v14_oru,82,1.0473898647513131,0.9597352659449295,17,1.0857972986612665,0.8183450374622568,17,1.0911541275605265,1.0911541275605265,17,1.0500359461731579,1.0500359461731579
posebusters,7v3n_akg,31,4.498624662219587,0.6239043128058227,30,0.6950963927716958,0.6090375959075041,27,4.664240711671079,0.4956410458903229,27,4.658344615836675,0.40284920440594263
posebusters,7v3s_5i9,34,0.9663448462135404,0.6835572427620261,26,0.38524297758847054,0.38524297758847054,34,0.8901553502463693,0.6511513163897034,26,1.1199860461885731,0.5496071558343161
posebusters,7v43_c4o,72,3.466451678686451,0.30460179141047994,89,3.5164416190455237,0.7127658029196585,35,3.503335885290515,0.5622972272439298,35,3.5789088427726217,0.7353257145246399
posebusters,7vb8_stl,2,0.7016015481153521,0.2266588555606219,23,7.233315982556329,0.20523954027522393,30,0.4503086546209667,0.193489107662624,23,7.256211450808731,0.18967193914780922
posebusters,7vbu_6i4,4,0.4329242077110679,0.4215490259766377,4,0.377152860569611,0.377152860569611,10,0.2193044819661316,0.2193044819661316,4,0.4004032666993647,0.2277931421577563
posebusters,7vc5_9sf,12,0.4819695000902117,0.4819695000902117,12,0.487316185038027,0.487316185038027,12,0.5056398128705223,0.5056398128705223,25,0.5249806479698481,0.5126121342202581
posebusters,7vkz_noj,18,3.503341811228139,0.5269702198032098,34,3.6505427307560856,0.5013567102454627,25,0.9756857387874389,0.6988406473479725,34,3.656009770155901,0.5077957270952402
posebusters,7vq9_isy,41,1.37385249150128,1.0925220747867146,41,1.5638016119214948,1.0194475457766872,32,1.4280810035770053,0.9162700656693132,32,1.635719235317013,0.8329950167273894
posebusters,7vwf_k55,8,1.7027129512718258,1.079550632400166,8,1.7286892990792397,1.0412687876621074,8,1.676620408153525,1.4014131379223784,8,1.6549847821282329,1.2591638759449297
posebusters,7vyj_ca0,22,2.148650794523226,0.6019174419361827,39,0.5581763936700034,0.5581763936700034,22,2.1589945456294197,0.6725313745882117,39,0.5995196905440724,0.5995196905440724
posebusters,7w05_gmp,56,1.1092023201236219,0.8859730783828954,26,1.2877826315152199,0.9348456701365693,26,1.3460658772280518,0.8102410982854167,26,1.3426576201645266,0.8062368553374392
posebusters,7w06_itn,57,0.3502456059323887,0.21036654903945629,96,0.23085582218997652,0.23085582218997652,2,0.37441372559508895,0.3532757948031578,4,0.35280988763225835,0.35280988763225835
posebusters,7wcf_acp,95,0.9659814677699797,0.9659814677699797,9,1.7104689565371114,0.6722737145937755,9,1.658225033323136,1.145726078465459,9,1.674717467787991,0.9870500067066448
posebusters,7wdt_ngs,38,0.4346091860023352,0.4346091860023352,2,0.8277137879277112,0.48550709823305077,24,0.4844278336158509,0.4844278336158509,2,0.8240428304041802,0.5366555777978471
posebusters,7wjb_bgc,98,0.4799861965504917,0.4799861965504917,30,0.7540961539420571,0.702012480677731,27,0.8340599537626804,0.6719751986394349,27,0.758910118529573,0.7228138751146269
posebusters,7wkl_caq,31,0.20001176173671564,0.18212733970573328,95,0.21390362699518015,0.21390362699518015,10,0.24274022090234348,0.22227929913353972,10,0.22973280424268078,0.22127513914153815
posebusters,7wl4_jfu,27,1.4765163487741693,0.9400030260327751,27,1.4059352933961289,0.89317264192897,27,1.360065186411186,0.8464163905569585,27,1.3271391911064576,0.8441152220606144
posebusters,7wpw_f15,77,1.0756559518592732,1.0756559518592732,77,1.1087208712603993,1.1087208712603993,2,3.7381104261841234,1.7001283664804703,35,1.6869983885780966,1.6869983885780966
posebusters,7wqq_5z6,90,0.3628246804999154,0.3628246804999154,92,0.388094074087224,0.3571751585686357,0,0.3839862673141769,0.3839862673141769,0,0.311796250726772,0.311796250726772
posebusters,7wux_6oi,11,1.2473439618066455,1.2473439618066455,94,1.8154625733234764,1.059333565667008,11,1.3234422037275198,1.3234422037275198,11,1.5322262287282462,1.522409182532772
posebusters,7wuy_76n,54,0.9451507039248107,0.9451507039248107,54,0.8937123757588885,0.8937123757588885,25,2.232256565660119,0.9343723700640908,25,2.2673963979200633,0.8894994581970125
posebusters,7wy1_d0l,1,1.0070212015504048,0.7915050811612399,79,1.314584436749489,0.8527139840263672,1,0.9888953520282167,0.9063092858560329,1,1.0058908737924557,0.8544148711268152
posebusters,7x5n_5m5,78,1.0890344936380167,1.0585982903960756,78,0.7370837594993275,0.7370837594993275,21,1.0999164922047928,0.9133668936711172,21,0.9712213545980052,0.8693784925819451
posebusters,7x9k_8og,18,0.7119522352521658,0.7119522352521658,18,0.7033466907869094,0.7033466907869094,18,0.6841894087329128,0.6841894087329128,5,0.7579882710511214,0.6859385196501643
posebusters,7xbv_apc,73,1.354425884735635,1.225480084483381,76,2.3028769557303055,1.319996414871954,24,1.4673015640324898,1.140693611718008,15,1.1205135222899583,1.1205135222899583
posebusters,7xfa_d9j,57,2.4647668459042977,1.7128069956970646,57,2.5230757731216484,1.5455628160628343,27,2.394532390627584,2.394532390627584,27,2.629045290071634,2.467432190634004
posebusters,7xg5_plp,60,0.31847347832877354,0.24256025392121772,42,0.5615305164850838,0.2209041051433558,35,0.1909260972703262,0.1909260972703262,39,0.540658491357292,0.25937812486168305
posebusters,7xi7_4ri,33,0.8745129948109124,0.7128537115656522,17,0.8113745094181435,0.6950258968251889,33,0.8465615678393206,0.8436167412313722,17,0.7717650454324869,0.7717650454324869
posebusters,7xjn_nsd,43,0.4214148414980907,0.3723951578644746,43,0.47955404698833837,0.38118344531384274,16,0.9272009043270028,0.356799095388336,15,0.4165178704978527,0.4165178704978527
posebusters,7xpo_upg,22,2.2083145194638676,1.733857076104919,22,2.2188235690363367,1.533214803437222,20,3.124664909076349,1.9578700895683754,20,3.097109028127265,1.883948017281335
posebusters,7xqz_fpf,49,1.1141136416767985,1.1141136416767985,49,0.9310922020085759,0.9310922020085759,32,1.6002820317656963,1.6002820317656963,32,1.595052759985973,1.4489515883832138
posebusters,7xrl_fwk,7,2.2468991813479997,0.7689634118461036,7,2.234056879664232,0.873216866134008,7,2.267032401277121,2.267032401277121,7,2.2489563845429066,2.2489563845429066
posebusters,7yzu_do7,20,1.1530089394425764,1.056990232897239,20,1.3049183600859788,1.213176927872787,20,1.1455915010601054,1.0285170553285428,20,1.3054778100954565,1.2294997607181217
posebusters,7z1q_nio,7,0.29706981691511253,0.29706981691511253,40,0.7996645669456824,0.3891974294104721,7,0.4017377786306198,0.4017377786306198,7,0.5111848482827196,0.5111848482827196
posebusters,7z2o_iaj,9,3.1684489725103577,0.3092326417093071,50,0.2341554771126769,0.20341690272290058,24,0.2804377218572359,0.2008054688375375,10,0.1800995287273554,0.1800995287273554
posebusters,7z7f_if3,23,0.2053138595912356,0.2053138595912356,23,0.21177185725340256,0.21177185725340256,23,0.18912491368768722,0.18912491368768722,23,0.20430373956565953,0.20430373956565953
posebusters,7zcc_oga,32,0.9571825309772172,0.569894743067565,80,1.1319694704690924,0.5302854001148848,31,0.6935848820207239,0.6935848820207239,11,3.96870509507753,0.7043518306381745
posebusters,7zdy_6mj,65,1.5364168671878706,1.14132408049832,33,1.5918499934162564,1.490824899209032,33,1.4121689340709458,1.2847054921969487,33,1.604766643348411,1.604766643348411
posebusters,7zf0_dhr,4,1.7331067130699056,0.45734099132684436,69,1.2996669079393128,0.49540945452296914,4,1.7196289541435705,0.36287412982664285,4,1.7536165378212318,0.4243219791337407
posebusters,7zhp_iqy,34,0.7153470011679461,0.690507899713475,23,0.6430999659952878,0.6430999659952878,15,0.6382827034217345,0.5498081578281101,34,0.5279374416885912,0.5279374416885912
posebusters,7zl5_iwe,99,1.1583478524639328,0.8507856625418307,40,1.2984076818666677,0.7983775764944313,31,1.3278983949294625,1.3147409275371367,31,1.3317661658554978,1.0739147091783992
posebusters,7zoc_t8e,56,1.0803339172149284,0.5265367897822125,56,1.0440081706511894,0.563416658895494,11,0.39579408221075163,0.39579408221075163,11,0.4264412694532602,0.4264412694532602
posebusters,7ztl_bcn,89,2.87806854443014,1.6965007451709802,47,3.0128513443696976,1.5545390107224908,10,2.399678133854517,1.724223774613627,26,3.090443226017427,1.727980123897583
posebusters,7zu2_dht,3,0.22480922706217052,0.19706908732253933,70,0.3071396983077257,0.3071396983077257,21,0.2724804292931266,0.2724804292931266,35,0.5188345703251328,0.5012185349652158
posebusters,7zxv_45d,59,4.519870457260131,2.5996630688454196,47,3.751365499981993,2.3002437515540257,26,3.982304979040101,2.89403697539055,23,4.167953724943061,2.361771291898799
posebusters,7zzw_kkw,1,2.777878951591216,0.4680899278800661,0,3.12387503588847,0.4097420479052563,1,2.786975153261535,0.42002152836209145,31,2.3006339761687973,0.38944216501685536
posebusters,8a1h_dlz,35,1.0819918370152728,0.6858948877427752,47,0.643661268318665,0.643661268318665,35,1.082131228915999,0.9116647608536873,35,1.0412449783666853,0.9745591329602218
posebusters,8a2d_kxy,5,2.3956687551028844,1.531712075536572,58,2.051505775381476,1.6061793896909444,15,3.2817255399083045,2.4258982422129916,23,2.3415131381222687,2.3400611350844636
posebusters,8aau_lh0,42,0.5832643184490413,0.5832643184490413,20,0.9085191393327714,0.5528198565050663,20,0.7979433100410456,0.6650930523700834,5,0.7172096816249043,0.7113377568762256
posebusters,8aem_lvf,1,0.37552803902961573,0.37552803902961573,1,0.4077214418076532,0.39632096990284854,30,0.4870799306255792,0.26158795780611266,30,0.5105545289733837,0.29387955162729945
posebusters,8aie_m7l,76,2.416453751529989,0.8270480919867365,26,2.196673104376906,0.790499594607866,19,2.027791761007666,0.8348170865518371,19,2.0790620680301126,0.8096958713414355
posebusters,8ap0_prp,95,2.7670353917943467,1.478411429289729,29,3.2798391503802344,1.0416585434332755,4,2.6970594674582165,1.9140276516113977,32,2.908364177490331,1.5599534686502161
posebusters,8aql_plg,16,0.3421988404477903,0.32804037803031333,22,0.2957945555855391,0.25276487436134937,16,0.31404937668918503,0.31404937668918503,22,0.27716559496972,0.27716559496972
posebusters,8auh_l9i,3,1.9044567737174574,0.8167682829294745,2,0.7171122941876626,0.6867249703543592,31,1.2931962771566758,0.6447815984492717,31,1.3467499080130398,0.6110910947306915
posebusters,8ay3_oe3,47,0.6971686204409554,0.6971686204409554,38,0.7524235991199455,0.5907396467591781,38,0.7036415565329276,0.7036415565329276,38,0.6631329167964607,0.6631329167964607
posebusters,8b8h_ojq,2,0.8988284020930004,0.4052579240690433,59,0.5189962584372867,0.37761575639296324,2,0.8337132092807199,0.5382807690554713,2,0.7793101140620169,0.47281270766720246
posebusters,8bom_qu6,77,1.743191792278882,0.721975661483813,74,0.5903873865623066,0.514299817168854,25,1.0318516549199137,0.8426498148714252,28,0.6255698707100128,0.6255698707100128
posebusters,8bti_rfo,51,0.5581189131105071,0.3861230178113028,88,1.5795261821020818,0.2720341763273878,18,0.9521757183644686,0.24829118622785823,23,0.38757863269826437,0.1842906349420918
posebusters,8c3n_adp,13,0.9954522856660717,0.9954522856660717,13,0.9616964293924362,0.9616964293924362,13,0.9866246391192187,0.9866246391192187,13,0.9595688654583188,0.9595688654583188
posebusters,8c5m_mta,12,1.4202509580391554,0.48085121263862973,48,0.5896805328191902,0.5230462373108032,3,0.9180663928241414,0.466493653277172,4,0.5215734160969736,0.5215734160969736
posebusters,8cnh_v6u,86,2.66504709708039,1.1267764651807164,86,2.6791913144685218,0.555023994464882,7,0.5523648784040979,0.5523648784040979,7,0.4173648252712824,0.4173648252712824
posebusters,8csd_c5p,46,0.42188791047948415,0.4204767053598736,44,0.533616767701017,0.5108063607594618,28,0.4175998281723508,0.4175998281723508,28,0.513889349003147,0.513889349003147
posebusters,8d19_gsh,96,1.5880975359671772,1.5880975359671772,96,1.5519569003115963,1.5519569003115963,0,1.9382472264734656,1.8885116594250766,0,2.2191528868607966,1.8123279637255192
posebusters,8d39_qdb,33,0.4170182102851838,0.4170182102851838,33,0.3235363397327966,0.3235363397327966,13,0.7821342915550814,0.4312554003465166,33,0.3648929054428691,0.3112810987645558
posebusters,8d5d_5dk,19,0.6457613595879815,0.6457613595879815,72,0.5945540295815887,0.5945540295815887,32,0.5190296352288231,0.5190296352288231,32,0.5162403770580906,0.5162403770580906
posebusters,8dhg_t78,99,2.180273896439111,1.8316642772016176,99,1.926016858504368,1.2030689021128187,5,8.459569844626392,1.3763119487583597,5,8.469281478754214,1.2861138628133681
posebusters,8dko_tfb,51,1.4927069701485653,0.43019755009032196,49,0.5834162898414238,0.4944309769812309,27,1.5966378591540276,0.4719931719615585,8,1.7993353442244964,0.5343714155196508
posebusters,8dp2_uma,58,2.1571884511381207,2.1571884511381207,58,2.1131451611452325,2.1131451611452325,6,3.1151778847429505,2.5083426527615673,39,2.2709156416923095,2.2709156416923095
posebusters,8dsc_nca,2,1.6015504135927179,0.18578972662889165,2,1.6099556258106122,0.16378138567883627,2,1.6042907118669536,0.19082643861384033,2,1.6114125384565412,0.19116754647888506
posebusters,8eab_vn2,54,0.869780604472254,0.869780604472254,69,1.28074816936065,0.820603962549984,31,0.9850960982043626,0.9850960982043626,31,0.9889896872596853,0.9889896872596853
posebusters,8ex2_q2q,80,0.9178672411264581,0.4612723812262417,77,0.532988103965886,0.3397852816633921,11,0.6104122509135248,0.4244080076191125,11,0.5352955862448694,0.3642559887033127
posebusters,8exl_799,58,2.1362401449053188,1.4708096998018878,43,1.664101515131707,1.6050612391303174,0,1.6856551023537512,1.4531961955610895,0,1.5811308755462516,1.3574694023405665
posebusters,8eye_x4i,44,2.2683535547898552,1.3399709612762574,49,1.8638552790150666,1.3134167960984826,37,2.496221011831241,1.2662178727318336,37,2.3023172611688416,1.2077187123770328
posebusters,8f4j_pho,74,5.962392632305618,4.75213220982125,53,9.018367656947095,4.236860669912477,38,7.216012791436847,6.041009023145719,24,6.499837120513914,6.17231243162549
posebusters,8f8e_xji,31,1.4044716253558545,1.0165784245450233,60,1.071981414802218,0.889298577711659,31,1.4163953830268767,1.302285964996981,31,1.4089681351997836,1.3801575665720451
posebusters,8fav_4y5,42,1.54488918165947,1.0894396055596898,47,1.2785525258290877,1.25071735877578,7,1.0621750687466385,1.0621750687466385,27,1.2710566509981112,1.2710566509981112
posebusters,8flv_zb9,82,0.9259824965447302,0.5772613098659011,82,0.916067116728213,0.603153519411199,5,0.48848429935265186,0.48848429935265186,37,1.0985548100606766,0.45920959659528826
posebusters,8fo5_y4u,10,0.23098018635313827,0.23098018635313827,59,0.9094356599072578,0.21385888463398625,10,0.31074051375860257,0.31074051375860257,37,0.9101552923250937,0.2732323142779838
posebusters,8g0v_yht,97,0.46356485579298695,0.46356485579298695,73,0.9752214076175464,0.45692456393807446,32,0.6380626768893802,0.6380626768893802,30,0.8877745185694849,0.6301305418751969
posebusters,8g6p_api,56,1.722325532060413,0.964740755170836,52,1.0735008253658258,1.0735008253658258,20,1.0457558822349629,1.0457558822349629,20,0.9982520578933631,0.9982520578933631
posebusters,8gfd_zhr,56,1.8643743700095372,1.5216752938795515,23,3.051619679644466,1.626599196584934,23,3.0814263506792794,1.5473262093894424,23,3.189813113459202,1.591579965876764
posebusters,8hfn_xgc,51,1.1840767344077583,1.1840767344077583,12,1.535073465000554,1.1882574052334876,29,1.3121055061415212,1.3121055061415212,12,1.517624895361619,1.1368718506753468
posebusters,8ho0_3zi,74,2.844177406685333,0.30088057161180415,51,0.736982281591332,0.4421065836805671,25,0.3286038676415937,0.3286038676415937,22,1.921492248589512,0.44079161224467944
posebusters,8slg_g5a,85,0.35657692574515915,0.35657692574515915,46,0.4255536944041574,0.36306048851758455,35,0.37998929169852097,0.37998929169852097,35,0.34345033416226667,0.34345033416226667
