dataset,stage,arm,k,success_count,complexes,sr_pct,learned_model_evaluations_per_complex
astex,raw,s10_n100,1,22,85,25.88235294117647,10
astex,raw,s10_n100,2,33,85,38.8235294117647,20
astex,raw,s10_n100,3,36,85,42.35294117647059,30
astex,raw,s10_n100,4,47,85,55.294117647058826,40
astex,raw,s10_n100,5,51,85,60.0,50
astex,raw,s10_n100,6,56,85,65.88235294117646,60
astex,raw,s10_n100,7,60,85,70.58823529411765,70
astex,raw,s10_n100,8,63,85,74.11764705882354,80
astex,raw,s10_n100,9,65,85,76.47058823529412,90
astex,raw,s10_n100,10,66,85,77.6470588235294,100
astex,raw,s10_n100,11,67,85,78.82352941176471,110
astex,raw,s10_n100,12,67,85,78.82352941176471,120
astex,raw,s10_n100,13,69,85,81.17647058823529,130
astex,raw,s10_n100,14,73,85,85.88235294117646,140
astex,raw,s10_n100,15,73,85,85.88235294117646,150
astex,raw,s10_n100,16,74,85,87.05882352941177,160
astex,raw,s10_n100,17,74,85,87.05882352941177,170
astex,raw,s10_n100,18,76,85,89.41176470588235,180
astex,raw,s10_n100,19,77,85,90.58823529411765,190
astex,raw,s10_n100,20,78,85,91.76470588235294,200
astex,raw,s10_n100,21,78,85,91.76470588235294,210
astex,raw,s10_n100,22,79,85,92.94117647058823,220
astex,raw,s10_n100,23,79,85,92.94117647058823,230
astex,raw,s10_n100,24,79,85,92.94117647058823,240
astex,raw,s10_n100,25,80,85,94.11764705882354,250
astex,raw,s10_n100,26,80,85,94.11764705882354,260
astex,raw,s10_n100,27,80,85,94.11764705882354,270
astex,raw,s10_n100,28,80,85,94.11764705882354,280
astex,raw,s10_n100,29,80,85,94.11764705882354,290
astex,raw,s10_n100,30,80,85,94.11764705882354,300
astex,raw,s10_n100,31,81,85,95.29411764705883,310
astex,raw,s10_n100,32,81,85,95.29411764705883,320
astex,raw,s10_n100,33,81,85,95.29411764705883,330
astex,raw,s10_n100,34,81,85,95.29411764705883,340
astex,raw,s10_n100,35,81,85,95.29411764705883,350
astex,raw,s10_n100,36,81,85,95.29411764705883,360
astex,raw,s10_n100,37,81,85,95.29411764705883,370
astex,raw,s10_n100,38,81,85,95.29411764705883,380
astex,raw,s10_n100,39,81,85,95.29411764705883,390
astex,raw,s10_n100,40,81,85,95.29411764705883,400
astex,raw,s10_n100,41,81,85,95.29411764705883,410
astex,raw,s10_n100,42,81,85,95.29411764705883,420
astex,raw,s10_n100,43,81,85,95.29411764705883,430
astex,raw,s10_n100,44,81,85,95.29411764705883,440
astex,raw,s10_n100,45,81,85,95.29411764705883,450
astex,raw,s10_n100,46,81,85,95.29411764705883,460
astex,raw,s10_n100,47,81,85,95.29411764705883,470
astex,raw,s10_n100,48,81,85,95.29411764705883,480
astex,raw,s10_n100,49,81,85,95.29411764705883,490
astex,raw,s10_n100,50,81,85,95.29411764705883,500
astex,raw,s10_n100,51,81,85,95.29411764705883,510
astex,raw,s10_n100,52,81,85,95.29411764705883,520
astex,raw,s10_n100,53,81,85,95.29411764705883,530
astex,raw,s10_n100,54,81,85,95.29411764705883,540
astex,raw,s10_n100,55,81,85,95.29411764705883,550
astex,raw,s10_n100,56,81,85,95.29411764705883,560
astex,raw,s10_n100,57,81,85,95.29411764705883,570
astex,raw,s10_n100,58,81,85,95.29411764705883,580
astex,raw,s10_n100,59,81,85,95.29411764705883,590
astex,raw,s10_n100,60,81,85,95.29411764705883,600
astex,raw,s10_n100,61,81,85,95.29411764705883,610
astex,raw,s10_n100,62,81,85,95.29411764705883,620
astex,raw,s10_n100,63,81,85,95.29411764705883,630
astex,raw,s10_n100,64,81,85,95.29411764705883,640
astex,raw,s10_n100,65,82,85,96.47058823529412,650
astex,raw,s10_n100,66,82,85,96.47058823529412,660
astex,raw,s10_n100,67,82,85,96.47058823529412,670
astex,raw,s10_n100,68,82,85,96.47058823529412,680
astex,raw,s10_n100,69,82,85,96.47058823529412,690
astex,raw,s10_n100,70,82,85,96.47058823529412,700
astex,raw,s10_n100,71,82,85,96.47058823529412,710
astex,raw,s10_n100,72,82,85,96.47058823529412,720
astex,raw,s10_n100,73,82,85,96.47058823529412,730
astex,raw,s10_n100,74,82,85,96.47058823529412,740
astex,raw,s10_n100,75,82,85,96.47058823529412,750
astex,raw,s10_n100,76,82,85,96.47058823529412,760
astex,raw,s10_n100,77,82,85,96.47058823529412,770
astex,raw,s10_n100,78,82,85,96.47058823529412,780
astex,raw,s10_n100,79,82,85,96.47058823529412,790
astex,raw,s10_n100,80,82,85,96.47058823529412,800
astex,raw,s10_n100,81,82,85,96.47058823529412,810
astex,raw,s10_n100,82,82,85,96.47058823529412,820
astex,raw,s10_n100,83,82,85,96.47058823529412,830
astex,raw,s10_n100,84,82,85,96.47058823529412,840
astex,raw,s10_n100,85,82,85,96.47058823529412,850
astex,raw,s10_n100,86,82,85,96.47058823529412,860
astex,raw,s10_n100,87,82,85,96.47058823529412,870
astex,raw,s10_n100,88,82,85,96.47058823529412,880
astex,raw,s10_n100,89,82,85,96.47058823529412,890
astex,raw,s10_n100,90,82,85,96.47058823529412,900
astex,raw,s10_n100,91,82,85,96.47058823529412,910
astex,raw,s10_n100,92,82,85,96.47058823529412,920
astex,raw,s10_n100,93,82,85,96.47058823529412,930
astex,raw,s10_n100,94,82,85,96.47058823529412,940
astex,raw,s10_n100,95,82,85,96.47058823529412,950
astex,raw,s10_n100,96,82,85,96.47058823529412,960
astex,raw,s10_n100,97,82,85,96.47058823529412,970
astex,raw,s10_n100,98,82,85,96.47058823529412,980
astex,raw,s10_n100,99,82,85,96.47058823529412,990
astex,raw,s10_n100,100,82,85,96.47058823529412,1000
astex,refined,s10_n100,1,21,85,24.705882352941178,10
astex,refined,s10_n100,2,33,85,38.8235294117647,20
astex,refined,s10_n100,3,37,85,43.529411764705884,30
astex,refined,s10_n100,4,48,85,56.470588235294116,40
astex,refined,s10_n100,5,52,85,61.1764705882353,50
astex,refined,s10_n100,6,58,85,68.23529411764706,60
astex,refined,s10_n100,7,65,85,76.47058823529412,70
astex,refined,s10_n100,8,67,85,78.82352941176471,80
astex,refined,s10_n100,9,69,85,81.17647058823529,90
astex,refined,s10_n100,10,71,85,83.52941176470588,100
astex,refined,s10_n100,11,71,85,83.52941176470588,110
astex,refined,s10_n100,12,71,85,83.52941176470588,120
astex,refined,s10_n100,13,74,85,87.05882352941177,130
astex,refined,s10_n100,14,77,85,90.58823529411765,140
astex,refined,s10_n100,15,77,85,90.58823529411765,150
astex,refined,s10_n100,16,77,85,90.58823529411765,160
astex,refined,s10_n100,17,77,85,90.58823529411765,170
astex,refined,s10_n100,18,78,85,91.76470588235294,180
astex,refined,s10_n100,19,78,85,91.76470588235294,190
astex,refined,s10_n100,20,79,85,92.94117647058823,200
astex,refined,s10_n100,21,79,85,92.94117647058823,210
astex,refined,s10_n100,22,79,85,92.94117647058823,220
astex,refined,s10_n100,23,79,85,92.94117647058823,230
astex,refined,s10_n100,24,79,85,92.94117647058823,240
astex,refined,s10_n100,25,81,85,95.29411764705883,250
astex,refined,s10_n100,26,81,85,95.29411764705883,260
astex,refined,s10_n100,27,81,85,95.29411764705883,270
astex,refined,s10_n100,28,81,85,95.29411764705883,280
astex,refined,s10_n100,29,81,85,95.29411764705883,290
astex,refined,s10_n100,30,81,85,95.29411764705883,300
astex,refined,s10_n100,31,82,85,96.47058823529412,310
astex,refined,s10_n100,32,82,85,96.47058823529412,320
astex,refined,s10_n100,33,82,85,96.47058823529412,330
astex,refined,s10_n100,34,82,85,96.47058823529412,340
astex,refined,s10_n100,35,82,85,96.47058823529412,350
astex,refined,s10_n100,36,82,85,96.47058823529412,360
astex,refined,s10_n100,37,82,85,96.47058823529412,370
astex,refined,s10_n100,38,82,85,96.47058823529412,380
astex,refined,s10_n100,39,82,85,96.47058823529412,390
astex,refined,s10_n100,40,82,85,96.47058823529412,400
astex,refined,s10_n100,41,82,85,96.47058823529412,410
astex,refined,s10_n100,42,82,85,96.47058823529412,420
astex,refined,s10_n100,43,82,85,96.47058823529412,430
astex,refined,s10_n100,44,82,85,96.47058823529412,440
astex,refined,s10_n100,45,82,85,96.47058823529412,450
astex,refined,s10_n100,46,82,85,96.47058823529412,460
astex,refined,s10_n100,47,82,85,96.47058823529412,470
astex,refined,s10_n100,48,82,85,96.47058823529412,480
astex,refined,s10_n100,49,82,85,96.47058823529412,490
astex,refined,s10_n100,50,82,85,96.47058823529412,500
astex,refined,s10_n100,51,82,85,96.47058823529412,510
astex,refined,s10_n100,52,82,85,96.47058823529412,520
astex,refined,s10_n100,53,82,85,96.47058823529412,530
astex,refined,s10_n100,54,82,85,96.47058823529412,540
astex,refined,s10_n100,55,82,85,96.47058823529412,550
astex,refined,s10_n100,56,82,85,96.47058823529412,560
astex,refined,s10_n100,57,82,85,96.47058823529412,570
astex,refined,s10_n100,58,82,85,96.47058823529412,580
astex,refined,s10_n100,59,82,85,96.47058823529412,590
astex,refined,s10_n100,60,82,85,96.47058823529412,600
astex,refined,s10_n100,61,82,85,96.47058823529412,610
astex,refined,s10_n100,62,82,85,96.47058823529412,620
astex,refined,s10_n100,63,82,85,96.47058823529412,630
astex,refined,s10_n100,64,82,85,96.47058823529412,640
astex,refined,s10_n100,65,82,85,96.47058823529412,650
astex,refined,s10_n100,66,82,85,96.47058823529412,660
astex,refined,s10_n100,67,82,85,96.47058823529412,670
astex,refined,s10_n100,68,82,85,96.47058823529412,680
astex,refined,s10_n100,69,82,85,96.47058823529412,690
astex,refined,s10_n100,70,82,85,96.47058823529412,700
astex,refined,s10_n100,71,82,85,96.47058823529412,710
astex,refined,s10_n100,72,82,85,96.47058823529412,720
astex,refined,s10_n100,73,82,85,96.47058823529412,730
astex,refined,s10_n100,74,82,85,96.47058823529412,740
astex,refined,s10_n100,75,82,85,96.47058823529412,750
astex,refined,s10_n100,76,82,85,96.47058823529412,760
astex,refined,s10_n100,77,82,85,96.47058823529412,770
astex,refined,s10_n100,78,82,85,96.47058823529412,780
astex,refined,s10_n100,79,82,85,96.47058823529412,790
astex,refined,s10_n100,80,82,85,96.47058823529412,800
astex,refined,s10_n100,81,82,85,96.47058823529412,810
astex,refined,s10_n100,82,82,85,96.47058823529412,820
astex,refined,s10_n100,83,82,85,96.47058823529412,830
astex,refined,s10_n100,84,82,85,96.47058823529412,840
astex,refined,s10_n100,85,82,85,96.47058823529412,850
astex,refined,s10_n100,86,82,85,96.47058823529412,860
astex,refined,s10_n100,87,82,85,96.47058823529412,870
astex,refined,s10_n100,88,82,85,96.47058823529412,880
astex,refined,s10_n100,89,82,85,96.47058823529412,890
astex,refined,s10_n100,90,82,85,96.47058823529412,900
astex,refined,s10_n100,91,82,85,96.47058823529412,910
astex,refined,s10_n100,92,82,85,96.47058823529412,920
astex,refined,s10_n100,93,82,85,96.47058823529412,930
astex,refined,s10_n100,94,82,85,96.47058823529412,940
astex,refined,s10_n100,95,82,85,96.47058823529412,950
astex,refined,s10_n100,96,82,85,96.47058823529412,960
astex,refined,s10_n100,97,82,85,96.47058823529412,970
astex,refined,s10_n100,98,82,85,96.47058823529412,980
astex,refined,s10_n100,99,82,85,96.47058823529412,990
astex,refined,s10_n100,100,82,85,96.47058823529412,1000
astex,raw,s25_n40,1,24,85,28.235294117647058,25
astex,raw,s25_n40,2,34,85,40.0,50
astex,raw,s25_n40,3,36,85,42.35294117647059,75
astex,raw,s25_n40,4,48,85,56.470588235294116,100
astex,raw,s25_n40,5,52,85,61.1764705882353,125
astex,raw,s25_n40,6,59,85,69.41176470588235,150
astex,raw,s25_n40,7,64,85,75.29411764705883,175
astex,raw,s25_n40,8,67,85,78.82352941176471,200
astex,raw,s25_n40,9,69,85,81.17647058823529,225
astex,raw,s25_n40,10,72,85,84.70588235294117,250
astex,raw,s25_n40,11,72,85,84.70588235294117,275
astex,raw,s25_n40,12,72,85,84.70588235294117,300
astex,raw,s25_n40,13,74,85,87.05882352941177,325
astex,raw,s25_n40,14,76,85,89.41176470588235,350
astex,raw,s25_n40,15,76,85,89.41176470588235,375
astex,raw,s25_n40,16,76,85,89.41176470588235,400
astex,raw,s25_n40,17,76,85,89.41176470588235,425
astex,raw,s25_n40,18,78,85,91.76470588235294,450
astex,raw,s25_n40,19,79,85,92.94117647058823,475
astex,raw,s25_n40,20,79,85,92.94117647058823,500
astex,raw,s25_n40,21,79,85,92.94117647058823,525
astex,raw,s25_n40,22,80,85,94.11764705882354,550
astex,raw,s25_n40,23,80,85,94.11764705882354,575
astex,raw,s25_n40,24,80,85,94.11764705882354,600
astex,raw,s25_n40,25,81,85,95.29411764705883,625
astex,raw,s25_n40,26,81,85,95.29411764705883,650
astex,raw,s25_n40,27,81,85,95.29411764705883,675
astex,raw,s25_n40,28,81,85,95.29411764705883,700
astex,raw,s25_n40,29,81,85,95.29411764705883,725
astex,raw,s25_n40,30,81,85,95.29411764705883,750
astex,raw,s25_n40,31,82,85,96.47058823529412,775
astex,raw,s25_n40,32,82,85,96.47058823529412,800
astex,raw,s25_n40,33,82,85,96.47058823529412,825
astex,raw,s25_n40,34,82,85,96.47058823529412,850
astex,raw,s25_n40,35,82,85,96.47058823529412,875
astex,raw,s25_n40,36,82,85,96.47058823529412,900
astex,raw,s25_n40,37,82,85,96.47058823529412,925
astex,raw,s25_n40,38,82,85,96.47058823529412,950
astex,raw,s25_n40,39,82,85,96.47058823529412,975
astex,raw,s25_n40,40,82,85,96.47058823529412,1000
astex,refined,s25_n40,1,23,85,27.058823529411764,25
astex,refined,s25_n40,2,33,85,38.8235294117647,50
astex,refined,s25_n40,3,36,85,42.35294117647059,75
astex,refined,s25_n40,4,48,85,56.470588235294116,100
astex,refined,s25_n40,5,52,85,61.1764705882353,125
astex,refined,s25_n40,6,60,85,70.58823529411765,150
astex,refined,s25_n40,7,66,85,77.6470588235294,175
astex,refined,s25_n40,8,69,85,81.17647058823529,200
astex,refined,s25_n40,9,71,85,83.52941176470588,225
astex,refined,s25_n40,10,74,85,87.05882352941177,250
astex,refined,s25_n40,11,74,85,87.05882352941177,275
astex,refined,s25_n40,12,74,85,87.05882352941177,300
astex,refined,s25_n40,13,77,85,90.58823529411765,325
astex,refined,s25_n40,14,78,85,91.76470588235294,350
astex,refined,s25_n40,15,78,85,91.76470588235294,375
astex,refined,s25_n40,16,78,85,91.76470588235294,400
astex,refined,s25_n40,17,78,85,91.76470588235294,425
astex,refined,s25_n40,18,80,85,94.11764705882354,450
astex,refined,s25_n40,19,80,85,94.11764705882354,475
astex,refined,s25_n40,20,80,85,94.11764705882354,500
astex,refined,s25_n40,21,80,85,94.11764705882354,525
astex,refined,s25_n40,22,80,85,94.11764705882354,550
astex,refined,s25_n40,23,80,85,94.11764705882354,575
astex,refined,s25_n40,24,80,85,94.11764705882354,600
astex,refined,s25_n40,25,81,85,95.29411764705883,625
astex,refined,s25_n40,26,81,85,95.29411764705883,650
astex,refined,s25_n40,27,81,85,95.29411764705883,675
astex,refined,s25_n40,28,81,85,95.29411764705883,700
astex,refined,s25_n40,29,81,85,95.29411764705883,725
astex,refined,s25_n40,30,81,85,95.29411764705883,750
astex,refined,s25_n40,31,82,85,96.47058823529412,775
astex,refined,s25_n40,32,82,85,96.47058823529412,800
astex,refined,s25_n40,33,82,85,96.47058823529412,825
astex,refined,s25_n40,34,82,85,96.47058823529412,850
astex,refined,s25_n40,35,82,85,96.47058823529412,875
astex,refined,s25_n40,36,82,85,96.47058823529412,900
astex,refined,s25_n40,37,82,85,96.47058823529412,925
astex,refined,s25_n40,38,82,85,96.47058823529412,950
astex,refined,s25_n40,39,82,85,96.47058823529412,975
astex,refined,s25_n40,40,82,85,96.47058823529412,1000
posebusters,raw,s10_n100,1,74,308,24.025974025974026,10
posebusters,raw,s10_n100,2,120,308,38.96103896103896,20
posebusters,raw,s10_n100,3,150,308,48.701298701298704,30
posebusters,raw,s10_n100,4,161,308,52.27272727272727,40
posebusters,raw,s10_n100,5,190,308,61.688311688311686,50
posebusters,raw,s10_n100,6,208,308,67.53246753246754,60
posebusters,raw,s10_n100,7,217,308,70.45454545454545,70
posebusters,raw,s10_n100,8,225,308,73.05194805194805,80
posebusters,raw,s10_n100,9,232,308,75.32467532467533,90
posebusters,raw,s10_n100,10,240,308,77.92207792207792,100
posebusters,raw,s10_n100,11,243,308,78.8961038961039,110
posebusters,raw,s10_n100,12,246,308,79.87012987012987,120
posebusters,raw,s10_n100,13,251,308,81.49350649350649,130
posebusters,raw,s10_n100,14,258,308,83.76623376623377,140
posebusters,raw,s10_n100,15,259,308,84.0909090909091,150
posebusters,raw,s10_n100,16,259,308,84.0909090909091,160
posebusters,raw,s10_n100,17,261,308,84.74025974025975,170
posebusters,raw,s10_n100,18,262,308,85.06493506493507,180
posebusters,raw,s10_n100,19,265,308,86.03896103896103,190
posebusters,raw,s10_n100,20,265,308,86.03896103896103,200
posebusters,raw,s10_n100,21,266,308,86.36363636363636,210
posebusters,raw,s10_n100,22,266,308,86.36363636363636,220
posebusters,raw,s10_n100,23,270,308,87.66233766233766,230
posebusters,raw,s10_n100,24,270,308,87.66233766233766,240
posebusters,raw,s10_n100,25,272,308,88.31168831168831,250
posebusters,raw,s10_n100,26,272,308,88.31168831168831,260
posebusters,raw,s10_n100,27,272,308,88.31168831168831,270
posebusters,raw,s10_n100,28,273,308,88.63636363636364,280
posebusters,raw,s10_n100,29,274,308,88.96103896103897,290
posebusters,raw,s10_n100,30,275,308,89.28571428571429,300
posebusters,raw,s10_n100,31,276,308,89.6103896103896,310
posebusters,raw,s10_n100,32,276,308,89.6103896103896,320
posebusters,raw,s10_n100,33,276,308,89.6103896103896,330
posebusters,raw,s10_n100,34,277,308,89.93506493506493,340
posebusters,raw,s10_n100,35,277,308,89.93506493506493,350
posebusters,raw,s10_n100,36,277,308,89.93506493506493,360
posebusters,raw,s10_n100,37,277,308,89.93506493506493,370
posebusters,raw,s10_n100,38,280,308,90.9090909090909,380
posebusters,raw,s10_n100,39,281,308,91.23376623376623,390
posebusters,raw,s10_n100,40,281,308,91.23376623376623,400
posebusters,raw,s10_n100,41,281,308,91.23376623376623,410
posebusters,raw,s10_n100,42,281,308,91.23376623376623,420
posebusters,raw,s10_n100,43,281,308,91.23376623376623,430
posebusters,raw,s10_n100,44,282,308,91.55844155844156,440
posebusters,raw,s10_n100,45,283,308,91.88311688311688,450
posebusters,raw,s10_n100,46,283,308,91.88311688311688,460
posebusters,raw,s10_n100,47,283,308,91.88311688311688,470
posebusters,raw,s10_n100,48,283,308,91.88311688311688,480
posebusters,raw,s10_n100,49,283,308,91.88311688311688,490
posebusters,raw,s10_n100,50,283,308,91.88311688311688,500
posebusters,raw,s10_n100,51,283,308,91.88311688311688,510
posebusters,raw,s10_n100,52,284,308,92.20779220779221,520
posebusters,raw,s10_n100,53,284,308,92.20779220779221,530
posebusters,raw,s10_n100,54,284,308,92.20779220779221,540
posebusters,raw,s10_n100,55,284,308,92.20779220779221,550
posebusters,raw,s10_n100,56,284,308,92.20779220779221,560
posebusters,raw,s10_n100,57,285,308,92.53246753246754,570
posebusters,raw,s10_n100,58,286,308,92.85714285714286,580
posebusters,raw,s10_n100,59,286,308,92.85714285714286,590
posebusters,raw,s10_n100,60,286,308,92.85714285714286,600
posebusters,raw,s10_n100,61,286,308,92.85714285714286,610
posebusters,raw,s10_n100,62,286,308,92.85714285714286,620
posebusters,raw,s10_n100,63,287,308,93.18181818181819,630
posebusters,raw,s10_n100,64,287,308,93.18181818181819,640
posebusters,raw,s10_n100,65,288,308,93.50649350649351,650
posebusters,raw,s10_n100,66,288,308,93.50649350649351,660
posebusters,raw,s10_n100,67,288,308,93.50649350649351,670
posebusters,raw,s10_n100,68,288,308,93.50649350649351,680
posebusters,raw,s10_n100,69,288,308,93.50649350649351,690
posebusters,raw,s10_n100,70,288,308,93.50649350649351,700
posebusters,raw,s10_n100,71,288,308,93.50649350649351,710
posebusters,raw,s10_n100,72,288,308,93.50649350649351,720
posebusters,raw,s10_n100,73,288,308,93.50649350649351,730
posebusters,raw,s10_n100,74,288,308,93.50649350649351,740
posebusters,raw,s10_n100,75,289,308,93.83116883116882,750
posebusters,raw,s10_n100,76,289,308,93.83116883116882,760
posebusters,raw,s10_n100,77,289,308,93.83116883116882,770
posebusters,raw,s10_n100,78,289,308,93.83116883116882,780
posebusters,raw,s10_n100,79,289,308,93.83116883116882,790
posebusters,raw,s10_n100,80,290,308,94.15584415584415,800
posebusters,raw,s10_n100,81,290,308,94.15584415584415,810
posebusters,raw,s10_n100,82,290,308,94.15584415584415,820
posebusters,raw,s10_n100,83,290,308,94.15584415584415,830
posebusters,raw,s10_n100,84,290,308,94.15584415584415,840
posebusters,raw,s10_n100,85,290,308,94.15584415584415,850
posebusters,raw,s10_n100,86,290,308,94.15584415584415,860
posebusters,raw,s10_n100,87,290,308,94.15584415584415,870
posebusters,raw,s10_n100,88,290,308,94.15584415584415,880
posebusters,raw,s10_n100,89,291,308,94.48051948051948,890
posebusters,raw,s10_n100,90,291,308,94.48051948051948,900
posebusters,raw,s10_n100,91,291,308,94.48051948051948,910
posebusters,raw,s10_n100,92,291,308,94.48051948051948,920
posebusters,raw,s10_n100,93,291,308,94.48051948051948,930
posebusters,raw,s10_n100,94,291,308,94.48051948051948,940
posebusters,raw,s10_n100,95,291,308,94.48051948051948,950
posebusters,raw,s10_n100,96,291,308,94.48051948051948,960
posebusters,raw,s10_n100,97,291,308,94.48051948051948,970
posebusters,raw,s10_n100,98,291,308,94.48051948051948,980
posebusters,raw,s10_n100,99,291,308,94.48051948051948,990
posebusters,raw,s10_n100,100,291,308,94.48051948051948,1000
posebusters,refined,s10_n100,1,88,308,28.571428571428573,10
posebusters,refined,s10_n100,2,141,308,45.77922077922078,20
posebusters,refined,s10_n100,3,172,308,55.84415584415584,30
posebusters,refined,s10_n100,4,188,308,61.03896103896104,40
posebusters,refined,s10_n100,5,213,308,69.15584415584415,50
posebusters,refined,s10_n100,6,226,308,73.37662337662337,60
posebusters,refined,s10_n100,7,236,308,76.62337662337663,70
posebusters,refined,s10_n100,8,241,308,78.24675324675324,80
posebusters,refined,s10_n100,9,246,308,79.87012987012987,90
posebusters,refined,s10_n100,10,251,308,81.49350649350649,100
posebusters,refined,s10_n100,11,254,308,82.46753246753246,110
posebusters,refined,s10_n100,12,257,308,83.44155844155844,120
posebusters,refined,s10_n100,13,260,308,84.41558441558442,130
posebusters,refined,s10_n100,14,263,308,85.3896103896104,140
posebusters,refined,s10_n100,15,264,308,85.71428571428571,150
posebusters,refined,s10_n100,16,264,308,85.71428571428571,160
posebusters,refined,s10_n100,17,266,308,86.36363636363636,170
posebusters,refined,s10_n100,18,266,308,86.36363636363636,180
posebusters,refined,s10_n100,19,269,308,87.33766233766234,190
posebusters,refined,s10_n100,20,270,308,87.66233766233766,200
posebusters,refined,s10_n100,21,271,308,87.98701298701299,210
posebusters,refined,s10_n100,22,271,308,87.98701298701299,220
posebusters,refined,s10_n100,23,274,308,88.96103896103897,230
posebusters,refined,s10_n100,24,275,308,89.28571428571429,240
posebusters,refined,s10_n100,25,277,308,89.93506493506493,250
posebusters,refined,s10_n100,26,277,308,89.93506493506493,260
posebusters,refined,s10_n100,27,277,308,89.93506493506493,270
posebusters,refined,s10_n100,28,277,308,89.93506493506493,280
posebusters,refined,s10_n100,29,278,308,90.25974025974025,290
posebusters,refined,s10_n100,30,279,308,90.58441558441558,300
posebusters,refined,s10_n100,31,279,308,90.58441558441558,310
posebusters,refined,s10_n100,32,279,308,90.58441558441558,320
posebusters,refined,s10_n100,33,279,308,90.58441558441558,330
posebusters,refined,s10_n100,34,280,308,90.9090909090909,340
posebusters,refined,s10_n100,35,280,308,90.9090909090909,350
posebusters,refined,s10_n100,36,280,308,90.9090909090909,360
posebusters,refined,s10_n100,37,280,308,90.9090909090909,370
posebusters,refined,s10_n100,38,283,308,91.88311688311688,380
posebusters,refined,s10_n100,39,284,308,92.20779220779221,390
posebusters,refined,s10_n100,40,284,308,92.20779220779221,400
posebusters,refined,s10_n100,41,284,308,92.20779220779221,410
posebusters,refined,s10_n100,42,284,308,92.20779220779221,420
posebusters,refined,s10_n100,43,284,308,92.20779220779221,430
posebusters,refined,s10_n100,44,285,308,92.53246753246754,440
posebusters,refined,s10_n100,45,285,308,92.53246753246754,450
posebusters,refined,s10_n100,46,285,308,92.53246753246754,460
posebusters,refined,s10_n100,47,285,308,92.53246753246754,470
posebusters,refined,s10_n100,48,286,308,92.85714285714286,480
posebusters,refined,s10_n100,49,286,308,92.85714285714286,490
posebusters,refined,s10_n100,50,286,308,92.85714285714286,500
posebusters,refined,s10_n100,51,286,308,92.85714285714286,510
posebusters,refined,s10_n100,52,287,308,93.18181818181819,520
posebusters,refined,s10_n100,53,287,308,93.18181818181819,530
posebusters,refined,s10_n100,54,287,308,93.18181818181819,540
posebusters,refined,s10_n100,55,287,308,93.18181818181819,550
posebusters,refined,s10_n100,56,288,308,93.50649350649351,560
posebusters,refined,s10_n100,57,288,308,93.50649350649351,570
posebusters,refined,s10_n100,58,289,308,93.83116883116882,580
posebusters,refined,s10_n100,59,289,308,93.83116883116882,590
posebusters,refined,s10_n100,60,289,308,93.83116883116882,600
posebusters,refined,s10_n100,61,289,308,93.83116883116882,610
posebusters,refined,s10_n100,62,289,308,93.83116883116882,620
posebusters,refined,s10_n100,63,291,308,94.48051948051948,630
posebusters,refined,s10_n100,64,291,308,94.48051948051948,640
posebusters,refined,s10_n100,65,292,308,94.8051948051948,650
posebusters,refined,s10_n100,66,292,308,94.8051948051948,660
posebusters,refined,s10_n100,67,292,308,94.8051948051948,670
posebusters,refined,s10_n100,68,292,308,94.8051948051948,680
posebusters,refined,s10_n100,69,292,308,94.8051948051948,690
posebusters,refined,s10_n100,70,292,308,94.8051948051948,700
posebusters,refined,s10_n100,71,292,308,94.8051948051948,710
posebusters,refined,s10_n100,72,292,308,94.8051948051948,720
posebusters,refined,s10_n100,73,292,308,94.8051948051948,730
posebusters,refined,s10_n100,74,292,308,94.8051948051948,740
posebusters,refined,s10_n100,75,292,308,94.8051948051948,750
posebusters,refined,s10_n100,76,292,308,94.8051948051948,760
posebusters,refined,s10_n100,77,292,308,94.8051948051948,770
posebusters,refined,s10_n100,78,292,308,94.8051948051948,780
posebusters,refined,s10_n100,79,292,308,94.8051948051948,790
posebusters,refined,s10_n100,80,293,308,95.12987012987013,800
posebusters,refined,s10_n100,81,293,308,95.12987012987013,810
posebusters,refined,s10_n100,82,293,308,95.12987012987013,820
posebusters,refined,s10_n100,83,293,308,95.12987012987013,830
posebusters,refined,s10_n100,84,293,308,95.12987012987013,840
posebusters,refined,s10_n100,85,293,308,95.12987012987013,850
posebusters,refined,s10_n100,86,293,308,95.12987012987013,860
posebusters,refined,s10_n100,87,293,308,95.12987012987013,870
posebusters,refined,s10_n100,88,293,308,95.12987012987013,880
posebusters,refined,s10_n100,89,294,308,95.45454545454545,890
posebusters,refined,s10_n100,90,294,308,95.45454545454545,900
posebusters,refined,s10_n100,91,294,308,95.45454545454545,910
posebusters,refined,s10_n100,92,294,308,95.45454545454545,920
posebusters,refined,s10_n100,93,294,308,95.45454545454545,930
posebusters,refined,s10_n100,94,295,308,95.77922077922078,940
posebusters,refined,s10_n100,95,295,308,95.77922077922078,950
posebusters,refined,s10_n100,96,295,308,95.77922077922078,960
posebusters,refined,s10_n100,97,295,308,95.77922077922078,970
posebusters,refined,s10_n100,98,295,308,95.77922077922078,980
posebusters,refined,s10_n100,99,295,308,95.77922077922078,990
posebusters,refined,s10_n100,100,295,308,95.77922077922078,1000
posebusters,raw,s25_n40,1,85,308,27.5974025974026,25
posebusters,raw,s25_n40,2,131,308,42.532467532467535,50
posebusters,raw,s25_n40,3,160,308,51.94805194805195,75
posebusters,raw,s25_n40,4,176,308,57.142857142857146,100
posebusters,raw,s25_n40,5,200,308,64.93506493506493,125
posebusters,raw,s25_n40,6,221,308,71.75324675324676,150
posebusters,raw,s25_n40,7,232,308,75.32467532467533,175
posebusters,raw,s25_n40,8,242,308,78.57142857142857,200
posebusters,raw,s25_n40,9,249,308,80.84415584415585,225
posebusters,raw,s25_n40,10,252,308,81.81818181818181,250
posebusters,raw,s25_n40,11,254,308,82.46753246753246,275
posebusters,raw,s25_n40,12,257,308,83.44155844155844,300
posebusters,raw,s25_n40,13,260,308,84.41558441558442,325
posebusters,raw,s25_n40,14,263,308,85.3896103896104,350
posebusters,raw,s25_n40,15,264,308,85.71428571428571,375
posebusters,raw,s25_n40,16,265,308,86.03896103896103,400
posebusters,raw,s25_n40,17,268,308,87.01298701298701,425
posebusters,raw,s25_n40,18,268,308,87.01298701298701,450
posebusters,raw,s25_n40,19,271,308,87.98701298701299,475
posebusters,raw,s25_n40,20,271,308,87.98701298701299,500
posebusters,raw,s25_n40,21,272,308,88.31168831168831,525
posebusters,raw,s25_n40,22,273,308,88.63636363636364,550
posebusters,raw,s25_n40,23,276,308,89.6103896103896,575
posebusters,raw,s25_n40,24,276,308,89.6103896103896,600
posebusters,raw,s25_n40,25,277,308,89.93506493506493,625
posebusters,raw,s25_n40,26,277,308,89.93506493506493,650
posebusters,raw,s25_n40,27,277,308,89.93506493506493,675
posebusters,raw,s25_n40,28,278,308,90.25974025974025,700
posebusters,raw,s25_n40,29,278,308,90.25974025974025,725
posebusters,raw,s25_n40,30,279,308,90.58441558441558,750
posebusters,raw,s25_n40,31,280,308,90.9090909090909,775
posebusters,raw,s25_n40,32,280,308,90.9090909090909,800
posebusters,raw,s25_n40,33,281,308,91.23376623376623,825
posebusters,raw,s25_n40,34,282,308,91.55844155844156,850
posebusters,raw,s25_n40,35,282,308,91.55844155844156,875
posebusters,raw,s25_n40,36,282,308,91.55844155844156,900
posebusters,raw,s25_n40,37,282,308,91.55844155844156,925
posebusters,raw,s25_n40,38,284,308,92.20779220779221,950
posebusters,raw,s25_n40,39,285,308,92.53246753246754,975
posebusters,raw,s25_n40,40,285,308,92.53246753246754,1000
posebusters,refined,s25_n40,1,94,308,30.51948051948052,25
posebusters,refined,s25_n40,2,142,308,46.103896103896105,50
posebusters,refined,s25_n40,3,170,308,55.1948051948052,75
posebusters,refined,s25_n40,4,189,308,61.36363636363637,100
posebusters,refined,s25_n40,5,212,308,68.83116883116882,125
posebusters,refined,s25_n40,6,228,308,74.02597402597402,150
posebusters,refined,s25_n40,7,240,308,77.92207792207792,175
posebusters,refined,s25_n40,8,248,308,80.51948051948052,200
posebusters,refined,s25_n40,9,251,308,81.49350649350649,225
posebusters,refined,s25_n40,10,255,308,82.79220779220779,250
posebusters,refined,s25_n40,11,256,308,83.11688311688312,275
posebusters,refined,s25_n40,12,260,308,84.41558441558442,300
posebusters,refined,s25_n40,13,262,308,85.06493506493507,325
posebusters,refined,s25_n40,14,265,308,86.03896103896103,350
posebusters,refined,s25_n40,15,267,308,86.68831168831169,375
posebusters,refined,s25_n40,16,268,308,87.01298701298701,400
posebusters,refined,s25_n40,17,271,308,87.98701298701299,425
posebusters,refined,s25_n40,18,271,308,87.98701298701299,450
posebusters,refined,s25_n40,19,274,308,88.96103896103897,475
posebusters,refined,s25_n40,20,275,308,89.28571428571429,500
posebusters,refined,s25_n40,21,276,308,89.6103896103896,525
posebusters,refined,s25_n40,22,277,308,89.93506493506493,550
posebusters,refined,s25_n40,23,277,308,89.93506493506493,575
posebusters,refined,s25_n40,24,277,308,89.93506493506493,600
posebusters,refined,s25_n40,25,279,308,90.58441558441558,625
posebusters,refined,s25_n40,26,279,308,90.58441558441558,650
posebusters,refined,s25_n40,27,279,308,90.58441558441558,675
posebusters,refined,s25_n40,28,280,308,90.9090909090909,700
posebusters,refined,s25_n40,29,281,308,91.23376623376623,725
posebusters,refined,s25_n40,30,282,308,91.55844155844156,750
posebusters,refined,s25_n40,31,282,308,91.55844155844156,775
posebusters,refined,s25_n40,32,282,308,91.55844155844156,800
posebusters,refined,s25_n40,33,283,308,91.88311688311688,825
posebusters,refined,s25_n40,34,284,308,92.20779220779221,850
posebusters,refined,s25_n40,35,284,308,92.20779220779221,875
posebusters,refined,s25_n40,36,284,308,92.20779220779221,900
posebusters,refined,s25_n40,37,284,308,92.20779220779221,925
posebusters,refined,s25_n40,38,286,308,92.85714285714286,950
posebusters,refined,s25_n40,39,287,308,93.18181818181819,975
posebusters,refined,s25_n40,40,287,308,93.18181818181819,1000
