dataset,id,heavy_atoms,rotatable_bonds,fragments
astex,1g9v,25,6,5
astex,1gkc,22,8,6
astex,1gm8,24,4,4
astex,1gpk,18,0,1
astex,1hnn,14,1,2
astex,1hp0,19,2,3
astex,1hq2,14,1,2
astex,1hvy,32,9,7
astex,1hwi,30,8,7
astex,1hww,12,0,1
astex,1ia1,19,2,2
astex,1ig3,18,4,3
astex,1j3j,17,2,3
astex,1jd0,13,2,3
astex,1jje,25,7,5
astex,1jla,27,7,5
astex,1k3u,21,6,4
astex,1ke5,23,4,3
astex,1kzk,41,9,7
astex,1l2s,19,4,4
astex,1l7f,23,7,7
astex,1lpz,32,6,5
astex,1lrh,14,2,2
astex,1m2z,28,2,3
astex,1meh,23,6,5
astex,1mmv,15,7,7
astex,1mzc,35,6,7
astex,1n1m,12,2,3
astex,1n2j,10,3,4
astex,1n2v,15,3,3
astex,1n46,27,4,4
astex,1nav,23,5,4
astex,1of1,18,2,3
astex,1of6,13,3,3
astex,1opk,29,4,4
astex,1oq5,26,3,5
astex,1owe,22,3,4
astex,1oyt,30,4,4
astex,1p2y,12,1,2
astex,1p62,18,2,3
astex,1pmn,33,7,6
astex,1q1g,20,3,3
astex,1q41,21,0,1
astex,1q4g,17,3,4
astex,1r1h,29,9,8
astex,1r55,23,7,7
astex,1r58,23,7,7
astex,1r9o,18,3,4
astex,1s19,30,5,6
astex,1s3v,27,6,6
astex,1sg0,17,2,3
astex,1sj0,33,6,5
astex,1sq5,15,6,6
astex,1sqn,22,0,2
astex,1t40,28,6,5
astex,1t46,37,7,6
astex,1t9b,23,4,4
astex,1tow,19,4,3
astex,1tt1,15,4,4
astex,1tz8,20,4,5
astex,1u1c,20,6,4
astex,1u4d,18,0,1
astex,1uml,33,10,8
astex,1unl,26,8,7
astex,1uou,16,2,2
astex,1v0p,30,8,7
astex,1v48,22,6,5
astex,1v4s,23,4,4
astex,1vcj,25,8,8
astex,1w1p,11,0,1
astex,1w2g,17,2,3
astex,1x8x,13,3,3
astex,1xm6,19,5,5
astex,1xoq,26,7,6
astex,1xoz,29,1,2
astex,1y6b,34,9,7
astex,1ygc,38,11,8
astex,1yqy,23,5,4
astex,1yv3,22,1,2
astex,1yvf,28,6,6
astex,1ywr,35,6,6
astex,1z95,29,5,7
astex,2bm2,30,6,6
astex,2br1,29,7,7
astex,2bsm,27,5,6
foldbench,5sng-assembly1__protein-a__ligand-c__ccd-uv7,10,2,2
foldbench,7eka-assembly1__protein-a__ligand-b__ccd-egt,22,1,2
foldbench,7fti-assembly1__protein-a__ligand-c__ccd-ymi,16,2,3
foldbench,7ftp-assembly1__protein-a__ligand-c__ccd-yq8,25,3,4
foldbench,7fu2-assembly1__protein-a__ligand-c__ccd-ym9,21,2,3
foldbench,7fu4-assembly1__protein-a__ligand-c__ccd-ymo,28,6,5
foldbench,7fub-assembly1__protein-a__ligand-c__ccd-yq3,27,4,4
foldbench,7fug-assembly1__protein-a__ligand-d__ccd-yp8,32,6,5
foldbench,7ful-assembly1__protein-a__ligand-c__ccd-yuo,28,7,5
foldbench,7fum-assembly1__protein-a__ligand-c__ccd-yu6,34,6,5
foldbench,7fuo-assembly1__protein-a__ligand-c__ccd-yub,28,6,5
foldbench,7fuq-assembly1__protein-a__ligand-c__ccd-yuf,26,3,4
foldbench,7fvu-assembly1__protein-a__ligand-d__ccd-gfs,29,4,5
foldbench,7fvw-assembly1__protein-a__ligand-b__ccd-iqh,17,4,4
foldbench,7fvy-assembly1__protein-a__ligand-b__ccd-iwi,16,3,3
foldbench,7fw1-assembly1__protein-a__ligand-d__ccd-k7c,32,6,6
foldbench,7fw3-assembly1__protein-a__ligand-b__ccd-kl3,20,2,3
foldbench,7fwb-assembly1__protein-a__ligand-b__ccd-lm9,20,3,3
foldbench,7fwe-assembly1__protein-a__ligand-b__ccd-mf9,14,4,3
foldbench,7fwf-assembly1__protein-a__ligand-d__ccd-mqf,25,4,6
foldbench,7fwl-assembly1__protein-a__ligand-b__ccd-o6q,17,2,2
foldbench,7fwm-assembly1__protein-a__ligand-b__ccd-o9u,22,3,3
foldbench,7fwo-assembly1__protein-a__ligand-b__ccd-om6,17,1,2
foldbench,7fwp-assembly1__protein-a__ligand-b__ccd-ot9,26,8,6
foldbench,7fwr-assembly1__protein-a__ligand-b__ccd-p6x,17,3,3
foldbench,7fwu-assembly1__protein-a__ligand-b__ccd-q0o,22,1,2
foldbench,7fwy-assembly1__protein-a__ligand-b__ccd-qbx,21,3,3
foldbench,7fwz-assembly1__protein-a__ligand-d__ccd-qd3,20,4,4
foldbench,7fx6-assembly1__protein-a__ligand-b__ccd-qjx,27,5,5
foldbench,7fxb-assembly1__protein-a__ligand-d__ccd-qzi,18,3,3
foldbench,7fxf-assembly1__protein-a__ligand-b__ccd-r9o,17,4,4
foldbench,7fxh-assembly1__protein-a__ligand-b__ccd-ri4,27,3,4
foldbench,7fxk-assembly1__protein-a__ligand-d__ccd-s8x,20,3,3
foldbench,7fxn-assembly1__protein-a__ligand-b__ccd-sux,27,3,4
foldbench,7fxq-assembly1__protein-a__ligand-b__ccd-tk6,16,2,2
foldbench,7fxr-assembly1__protein-a__ligand-b__ccd-tqo,24,4,3
foldbench,7fxw-assembly1__protein-a__ligand-b__ccd-ub8,21,2,3
foldbench,7fy5-assembly1__protein-a__ligand-b__ccd-v4r,17,1,2
foldbench,7fyc-assembly1__protein-a__ligand-d__ccd-vj3,23,3,4
foldbench,7fyf-assembly1__protein-a__ligand-b__ccd-vs5,28,3,4
foldbench,7fyg-assembly1__protein-a__ligand-b__ccd-vvl,15,2,2
foldbench,7fyk-assembly1__protein-a__ligand-b__ccd-w8c,17,5,4
foldbench,7fyo-assembly1__protein-a__ligand-b__ccd-w90,19,5,4
foldbench,7fyr-assembly1__protein-a__ligand-b__ccd-w9f,18,1,2
foldbench,7fyv-assembly1__protein-a__ligand-b__ccd-w9q,21,2,3
foldbench,7fz0-assembly1__protein-a__ligand-e__ccd-wbr,29,4,6
foldbench,7fz1-assembly1__protein-a__ligand-b__ccd-wde,24,6,4
foldbench,7fz3-assembly1__protein-a__ligand-b__ccd-wdo,17,3,3
foldbench,7fz8-assembly1__protein-a__ligand-b__ccd-wei,11,0,1
foldbench,7fzi-assembly1__protein-a__ligand-c__ccd-wg3,25,5,6
foldbench,7fzj-assembly1__protein-a__ligand-b__ccd-wgl,17,2,3
foldbench,7fzl-assembly1__protein-a__ligand-b__ccd-wgq,16,3,3
foldbench,7fzn-assembly1__protein-a__ligand-b__ccd-whb,17,3,3
foldbench,7fzo-assembly1__protein-a__ligand-b__ccd-wh3,22,4,4
foldbench,7g00-assembly1__protein-a__ligand-q__ccd-wii,29,4,6
foldbench,7g02-assembly1__protein-a__ligand-b__ccd-wil,23,4,5
foldbench,7g0h-assembly1__protein-a__ligand-b__ccd-w8t,22,5,5
foldbench,7g0i-assembly1__protein-a__ligand-e__ccd-txo,26,5,6
foldbench,7g0j-assembly1__protein-a__ligand-d__ccd-wki,24,5,4
foldbench,7g0k-assembly1__protein-a__ligand-d__ccd-uof,25,3,4
foldbench,7g0v-assembly1__protein-a__ligand-b__ccd-wlr,21,4,5
foldbench,7g10-assembly1__protein-a__ligand-d__ccd-wmf,22,4,3
foldbench,7g13-assembly1__protein-a__ligand-b__ccd-wjh,29,5,6
foldbench,7g14-assembly1__protein-a__ligand-c__ccd-q1i,28,5,6
foldbench,7g1g-assembly1__protein-a__ligand-b__ccd-wo0,20,2,2
foldbench,7g1o-assembly1__protein-a__ligand-b__ccd-wp8,19,3,3
foldbench,7g1s-assembly1__protein-a__ligand-d__ccd-wpu,18,1,2
foldbench,7g1u-assembly1__protein-a__ligand-e__ccd-wq3,24,4,5
foldbench,7g1v-assembly1__protein-a__ligand-d__ccd-wq8,19,2,3
foldbench,7gh3-assembly1__protein-a__ligand-e__ccd-q1c,18,3,3
foldbench,7gi0-assembly1__protein-b__ligand-q__ccd-oql,24,2,3
foldbench,7gnb-assembly1__protein-a__ligand-h__ccd-rw0,35,5,5
foldbench,7gnc-assembly1__protein-a__ligand-j__ccd-rw9,32,3,3
foldbench,7gnr-assembly1__protein-b__ligand-s__ccd-rzu,34,3,4
foldbench,7oyp-assembly1__protein-a__ligand-c__ccd-3i4,23,9,7
foldbench,7prw-assembly1__protein-a__ligand-i__ccd-82h,44,9,8
foldbench,7qrb-assembly1__protein-a__ligand-g__ccd-ex9,37,9,7
foldbench,7qzx-assembly1__protein-a__ligand-c__ccd-hil,30,4,4
foldbench,7r3z-assembly1__protein-a__ligand-e__ccd-i1q,13,0,1
foldbench,7r59-assembly1__protein-a__ligand-c__ccd-i5f,13,0,1
foldbench,7sza-assembly1__protein-a__ligand-e__ccd-dui,20,1,2
foldbench,7szb-assembly1__protein-a__ligand-e__ccd-dq4,20,1,2
foldbench,7t1d-assembly1__protein-b__ligand-s__ccd-e7k,34,5,5
foldbench,7th4-assembly1__protein-b__ligand-h__ccd-ffo,34,10,7
foldbench,7tuo-assembly1__protein-a__ligand-c__ccd-kl9,30,5,5
foldbench,7typ-assembly1__protein-a__ligand-d__ccd-kur,37,5,6
foldbench,7u9i-assembly1__protein-a__ligand-c__ccd-44t,33,11,8
foldbench,7uad-assembly1__protein-a__ligand-b__ccd-m5r,26,5,4
foldbench,7udq-assembly1__protein-a__ligand-c__ccd-mvs,25,5,6
foldbench,7uet-assembly1__protein-a__ligand-b__ccd-mxw,27,5,4
foldbench,7ur9-assembly1__protein-b__ligand-d__ccd-o5f,41,8,7
foldbench,7uy4-assembly1__protein-a__ligand-d__ccd-smi,24,2,3
foldbench,7uya-assembly1__protein-a__ligand-d__ccd-okc,27,4,5
foldbench,7uyb-assembly1__protein-a__ligand-d__ccd-ok0,31,4,6
foldbench,7uyc-assembly1__protein-a__ligand-e__ccd-ojr,34,6,6
foldbench,7v2t-assembly1__protein-a__ligand-g__ccd-5uq,19,6,5
foldbench,7v36-assembly1__protein-a__ligand-b__ccd-5p0,19,5,5
foldbench,7v36-assembly1__protein-a__ligand-c__ccd-akg,10,4,4
foldbench,7vf6-assembly1__protein-a__ligand-e__ccd-gdp,28,6,5
foldbench,7vrk-assembly1__protein-b__ligand-g__ccd-tep,13,0,1
foldbench,7vro-assembly1__protein-b__ligand-h__ccd-37t,13,0,1
foldbench,7vsf-assembly1__protein-a__ligand-d__ccd-7um,15,2,2
foldbench,7wvs-assembly1__protein-a__ligand-c__ccd-sam,27,7,6
foldbench,7x3p-assembly1__protein-a__ligand-b__ccd-8vg,47,17,13
foldbench,7x4q-assembly1__protein-a__ligand-c__ccd-utp,29,8,6
foldbench,7x4t-assembly1__protein-b__ligand-j__ccd-2kh,29,8,6
foldbench,7x6t-assembly1__protein-a__ligand-b__ccd-97f,29,6,5
foldbench,7xek-assembly1__protein-a-2__ligand-b-2__ccd-9yx,22,5,5
foldbench,7xjv-assembly1__protein-a__ligand-f__ccd-gdd,39,9,7
foldbench,7yf2-assembly1__protein-b-2__ligand-f-2__ccd-sah,26,7,6
foldbench,7yha-assembly1__protein-a__ligand-h__ccd-itk,23,4,4
foldbench,7yl1-assembly1__protein-a__ligand-b__ccd-j6f,19,5,4
foldbench,7yl2-assembly1__protein-a__ligand-b__ccd-jco,22,4,4
foldbench,7z2o-assembly1__protein-a__ligand-c__ccd-iaj,14,1,2
foldbench,7z63-assembly1__protein-c__ligand-j__ccd-ie3,34,9,9
foldbench,7zcc-assembly1__protein-b__ligand-o__ccd-oga,10,2,3
foldbench,7zdy-assembly1__protein-a__ligand-e__ccd-6mj,11,1,2
foldbench,7zgc-assembly1__protein-a__ligand-b__ccd-iuo,25,3,4
foldbench,7zi3-assembly1__protein-a-2__ligand-b-2__ccd-j98,44,8,8
foldbench,7zi6-assembly1__protein-a__ligand-c__ccd-jaq,35,7,6
foldbench,7zi8-assembly1__protein-a__ligand-c__ccd-j5u,39,9,8
foldbench,7zi9-assembly1__protein-a__ligand-c__ccd-j6m,40,8,7
foldbench,7zia-assembly1__protein-a-2__ligand-c-2__ccd-j29,40,8,7
foldbench,7zib-assembly1__protein-a-2__ligand-c-2__ccd-j7i,42,9,8
foldbench,7zl5-assembly1__protein-a__ligand-e__ccd-iwe,23,5,5
foldbench,7zlo-assembly1__protein-a__ligand-d__ccd-ji0,37,11,7
foldbench,7zls-assembly1__protein-a__ligand-n__ccd-jh9,38,12,7
foldbench,7zon-assembly1__protein-a__ligand-e__ccd-bgc,12,1,2
foldbench,7zqr-assembly1__protein-a__ligand-f__ccd-jk9,14,2,3
foldbench,7zsm-assembly1__protein-a-2__ligand-b-2__ccd-ju9,25,5,5
foldbench,7zso-assembly1__protein-a__ligand-d__ccd-jtc,35,6,5
foldbench,7zsq-assembly1__protein-b__ligand-g__ccd-jto,23,5,4
foldbench,7zw8-assembly1__protein-a__ligand-b__ccd-k3r,38,10,8
foldbench,8a0t-assembly1__protein-a__ligand-c__ccd-klo,15,2,2
foldbench,8a34-assembly1__protein-a__ligand-c__ccd-kyi,20,2,3
foldbench,8a3a-assembly1__protein-a__ligand-b__ccd-kyr,18,1,2
foldbench,8abo-assembly1__protein-a__ligand-b__ccd-231,11,1,2
foldbench,8aeb-assembly1__protein-a-2__ligand-c-2__ccd-35j,10,3,3
foldbench,8aem-assembly1__protein-a__ligand-h__ccd-lvf,13,1,2
foldbench,8aga-assembly1__protein-a__ligand-c__ccd-phb,10,1,2
foldbench,8agp-assembly1__protein-a__ligand-d__ccd-m1u,12,1,2
foldbench,8agq-assembly1__protein-a-2__ligand-c-2__ccd-m5o,21,1,2
foldbench,8ai3-assembly1__protein-a__ligand-e__ccd-sam,27,7,6
foldbench,8ajx-assembly1__protein-a__ligand-c__ccd-fum,8,2,3
foldbench,8ak6-assembly1__protein-a__ligand-e__ccd-08d,17,3,3
foldbench,8atl-assembly1__protein-a__ligand-c__ccd-o6x,35,6,7
foldbench,8atn-assembly1__protein-a__ligand-c__ccd-o06,33,6,7
foldbench,8au8-assembly1__protein-b__ligand-l__ccd-o8i,12,4,5
foldbench,8auh-assembly1__protein-a__ligand-d__ccd-l9i,11,3,4
foldbench,8aui-assembly1__protein-a__ligand-d__ccd-o8r,13,5,5
foldbench,8auz-assembly1__protein-a__ligand-d__ccd-o9c,25,2,3
foldbench,8av1-assembly1__protein-b__ligand-m__ccd-o9l,25,2,3
foldbench,8avq-assembly1__protein-a__ligand-h__ccd-udx,34,8,6
foldbench,8ax3-assembly1__protein-b__ligand-ya__ccd-od0,10,0,1
foldbench,8ay0-assembly1__protein-a__ligand-d__ccd-mhi,27,13,9
foldbench,8azc-assembly1__protein-a__ligand-c__ccd-mpo,13,4,3
foldbench,8b4w-assembly1__protein-a__ligand-b__ccd-f05,10,0,1
foldbench,8b8u-assembly1__protein-a__ligand-d__ccd-t7i,26,2,4
foldbench,8b96-assembly1__protein-a__ligand-b__ccd-q2f,39,9,6
foldbench,8b9e-assembly1__protein-a__ligand-d__ccd-q7f,24,6,4
foldbench,8ba3-assembly1__protein-a__ligand-b__ccd-q8u,38,4,4
foldbench,8bc8-assembly1__protein-a__ligand-c__ccd-qb6,12,1,2
foldbench,8bca-assembly1__protein-a__ligand-c__ccd-q96,14,3,3
foldbench,8bcc-assembly1__protein-a__ligand-c__ccd-qau,11,1,2
foldbench,8bce-assembly1__protein-a__ligand-c__ccd-b09,12,3,3
foldbench,8bdj-assembly1__protein-c__ligand-m__ccd-qe0,35,10,8
foldbench,8bdn-assembly1__protein-c__ligand-m__ccd-qfr,36,6,6
foldbench,8bic-assembly1__protein-a__ligand-c__ccd-sah,26,7,6
foldbench,8biq-assembly1__protein-a__ligand-e__ccd-amp,23,4,4
foldbench,8bit-assembly1__protein-a__ligand-c__ccd-6r9,26,5,5
foldbench,8bje-assembly1__protein-a__ligand-d__ccd-wrl,32,5,5
foldbench,8bjl-assembly1__protein-a__ligand-c__ccd-qxo,14,2,2
foldbench,8bm2-assembly1__protein-a__ligand-c__ccd-qqc,33,6,4
foldbench,8bmv-assembly1__protein-a__ligand-c__ccd-urc,12,0,1
foldbench,8bn5-assembly1__protein-a__ligand-f__ccd-abu,7,3,3
foldbench,8bo1-assembly1__protein-b__ligand-i__ccd-3at,30,8,6
foldbench,8bo3-assembly1__protein-a__ligand-b__ccd-qv3,41,8,9
foldbench,8bo7-assembly1__protein-a__ligand-b__ccd-qw6,38,8,8
foldbench,8bpv-assembly1__protein-a__ligand-b__ccd-6t3,35,4,3
foldbench,8br6-assembly1__protein-a__ligand-c__ccd-r6i,30,7,7
foldbench,8bro-assembly1__protein-a-3__ligand-b-2__ccd-r7e,26,4,5
foldbench,8bsa-assembly1__protein-a__ligand-c__ccd-dar,12,5,5
foldbench,8bx9-assembly1__protein-a__ligand-c__ccd-s59,29,6,5
foldbench,8bzx-assembly1__protein-b__ligand-e__ccd-sw6,26,8,6
foldbench,8c0q-assembly1__protein-a__ligand-c__ccd-swu,17,2,2
foldbench,8c14-assembly1__protein-a__ligand-y__ccd-t0l,21,2,4
foldbench,8c1e-assembly1__protein-a__ligand-b__ccd-t0x,22,2,4
foldbench,8c1f-assembly1__protein-a__ligand-r__ccd-t2o,26,4,4
foldbench,8c1g-assembly1__protein-a__ligand-b__ccd-t3i,26,4,3
foldbench,8c1k-assembly1__protein-a__ligand-f__ccd-t5l,12,2,3
foldbench,8c3g-assembly1__protein-a__ligand-e__ccd-qs0,32,5,5
foldbench,8c3r-assembly1__protein-a__ligand-c__ccd-r7o,34,4,4
foldbench,8c3u-assembly1__protein-a__ligand-c__ccd-t9c,35,5,6
foldbench,8c72-assembly1__protein-a__ligand-d__ccd-tw0,18,2,3
foldbench,8cbt-assembly1__protein-b__ligand-e__ccd-w2q,28,6,5
foldbench,8cbu-assembly1__protein-d__ligand-m__ccd-u60,29,6,5
foldbench,8cc4-assembly1__protein-a__ligand-d__ccd-u7f,22,5,6
foldbench,8cdq-assembly1__protein-a__ligand-n__ccd-kq0,23,6,6
foldbench,8cdw-assembly1__protein-a__ligand-c__ccd-ues,30,4,4
foldbench,8cex-assembly1__protein-a__ligand-d__ccd-ug0,18,3,3
foldbench,8cey-assembly1__protein-a__ligand-d__ccd-uef,17,2,3
foldbench,8cgc-assembly1__protein-a__ligand-b__ccd-lmr,9,3,3
foldbench,8cgc-assembly1__protein-a__ligand-d__ccd-uik,27,5,5
foldbench,8chi-assembly1__protein-a__ligand-c__ccd-umr,32,5,5
foldbench,8chj-assembly1__protein-a__ligand-e__ccd-uqi,31,5,5
foldbench,8chl-assembly1__protein-a__ligand-c__ccd-usv,31,5,4
foldbench,8chm-assembly1__protein-a__ligand-b__ccd-ut6,30,5,5
foldbench,8cjk-assembly1__protein-a__ligand-c__ccd-uvu,36,6,5
foldbench,8ckq-assembly1__protein-a__ligand-c__ccd-uzx,21,3,4
foldbench,8clw-assembly1__protein-a__ligand-c__ccd-uz3,23,4,5
foldbench,8cm2-assembly1__protein-a__ligand-b__ccd-v1x,29,6,6
foldbench,8cn2-assembly1__protein-a__ligand-g__ccd-v60,12,3,3
foldbench,8cnh-assembly1__protein-a__ligand-b__ccd-v6u,25,4,4
foldbench,8cno-assembly1__protein-a__ligand-e__ccd-stl,17,2,3
foldbench,8co3-assembly1__protein-a__ligand-f__ccd-v8o,26,3,4
foldbench,8co7-assembly1__protein-a__ligand-b__ccd-v9e,20,3,3
foldbench,8cqi-assembly1__protein-a__ligand-g__ccd-vgo,12,1,2
foldbench,8d3i-assembly1__protein-b__ligand-h__ccd-1lm,11,0,1
foldbench,8dbb-assembly1__protein-c__ligand-g__ccd-r3k,12,2,3
foldbench,8di4-assembly1__protein-a__ligand-e__ccd-s9i,27,7,6
foldbench,8dje-assembly1__protein-a__ligand-c__ccd-u6s,29,6,6
foldbench,8dmr-assembly1__protein-a__ligand-b__ccd-ar6,36,9,7
foldbench,8dmt-assembly1__protein-a__ligand-e__ccd-ar6,36,9,7
foldbench,8dtd-assembly1__protein-b__ligand-e__ccd-ppf,7,1,2
foldbench,8dvw-assembly1__protein-a__ligand-b__ccd-ud2,39,10,8
foldbench,8e4z-assembly1__protein-a__ligand-c__ccd-ukf,36,12,9
foldbench,8e5n-assembly1__protein-b__ligand-l__ccd-ul0,39,10,9
foldbench,8e7r-assembly1__protein-a__ligand-j__ccd-pae,8,2,2
foldbench,8ea8-assembly1__protein-a__ligand-f__ccd-vml,35,5,7
foldbench,8egq-assembly1__protein-a__ligand-c__ccd-wjk,30,5,5
foldbench,8ehp-assembly1__protein-a__ligand-c__ccd-wjo,32,7,6
foldbench,8erd-assembly1__protein-a__ligand-b__ccd-wq6,29,4,3
foldbench,8ern-assembly1__protein-a__ligand-c__ccd-wqk,31,5,4
foldbench,8eud-assembly1__protein-a__ligand-c__ccd-wur,33,9,7
foldbench,8eut-assembly1__protein-a__ligand-c__ccd-wv5,24,10,7
foldbench,8ex2-assembly1__protein-a__ligand-b__ccd-q2q,26,2,4
foldbench,8eyl-assembly1__protein-a__ligand-d__ccd-x5f,40,16,12
foldbench,8eym-assembly1__protein-b__ligand-e__ccd-16g,19,4,4
foldbench,8eym-assembly1__protein-b__ligand-f__ccd-agp,16,7,7
foldbench,8ezv-assembly1__protein-a-2__ligand-b-2__ccd-x6o,42,8,8
foldbench,8f7u-assembly1__protein-a__ligand-c__ccd-ggi,56,7,6
foldbench,8f7v-assembly1__protein-a__ligand-c__ccd-eua,57,7,6
foldbench,8f8e-assembly1__protein-a__ligand-c__ccd-xji,29,6,6
foldbench,8f8k-assembly1__protein-a-2__ligand-f-2__ccd-ipe,14,6,4
foldbench,8fau-assembly1__protein-a__ligand-b__ccd-y3e,12,1,2
foldbench,8fbm-assembly1__protein-a__ligand-d__ccd-xof,34,7,7
foldbench,8fbq-assembly1__protein-a__ligand-c__ccd-xoq,29,6,5
foldbench,8fbu-assembly1__protein-a__ligand-d__ccd-xol,29,4,5
foldbench,8fe5-assembly1__protein-a__ligand-e__ccd-xtt,22,2,3
foldbench,8ff8-assembly1__protein-a__ligand-c__ccd-xv0,30,5,6
foldbench,8fgq-assembly1__protein-b__ligand-p__ccd-v80,23,6,5
foldbench,8fln-assembly1__protein-a__ligand-b__ccd-y7w,34,7,8
foldbench,8flv-assembly1__protein-a__ligand-b__ccd-zb9,29,5,5
foldbench,8fmg-assembly1__protein-c__ligand-v__ccd-y4f,44,2,3
foldbench,8fmh-assembly1__protein-a__ligand-i__ccd-4ur,45,2,3
foldbench,8fny-assembly1__protein-a__ligand-f__ccd-adp,27,6,5
foldbench,8fo5-assembly1__protein-a__ligand-e__ccd-y4u,17,3,3
foldbench,8fux-assembly1__protein-a__ligand-f__ccd-pxv,20,10,7
foldbench,8fv2-assembly1__protein-a__ligand-f__ccd-jhl,39,5,6
foldbench,8fx3-assembly1__protein-a__ligand-c__ccd-imu,24,4,4
foldbench,8g35-assembly1__protein-a__ligand-c__ccd-yje,15,3,4
foldbench,8g3w-assembly1__protein-a__ligand-g__ccd-ykx,53,4,5
foldbench,8g4a-assembly1__protein-b__ligand-c__ccd-yl8,19,1,4
foldbench,8g6p-assembly1__protein-a__ligand-j__ccd-api,13,6,5
foldbench,8g7f-assembly1__protein-b__ligand-h__ccd-1jj,8,2,3
foldbench,8g7g-assembly1__protein-b__ligand-g__ccd-ys8,9,2,3
foldbench,8g7h-assembly1__protein-b__ligand-j__ccd-yrq,8,2,3
foldbench,8g9v-assembly1__protein-b__ligand-o__ccd-yyc,31,6,6
foldbench,8gfc-assembly1__protein-a__ligand-b__ccd-zi2,22,5,5
foldbench,8gfd-assembly1__protein-a__ligand-b__ccd-zhr,26,6,5
foldbench,8gfe-assembly1__protein-a__ligand-b__ccd-zh8,27,5,5
foldbench,8gfh-assembly1__protein-a__ligand-c__ccd-zia,22,5,5
foldbench,8gfl-assembly1__protein-a__ligand-b__ccd-zie,38,9,8
foldbench,8gkf-assembly1__protein-a__ligand-j__ccd-d16,32,9,7
foldbench,8gl9-assembly1__protein-b__ligand-n__ccd-zqw,35,9,7
foldbench,8gm4-assembly1__protein-a__ligand-d__ccd-eki,21,3,4
foldbench,8gmd-assembly1__protein-a__ligand-c__ccd-zrr,33,6,5
foldbench,8gpz-assembly1__protein-a__ligand-e__ccd-kc3,17,1,2
foldbench,8grj-assembly1__protein-b__ligand-g__ccd-lgc,12,1,2
foldbench,8gsj-assembly1__protein-a__ligand-f__ccd-gjz,10,1,2
foldbench,8h0m-assembly1__protein-a__ligand-f__ccd-2eh,9,5,4
foldbench,8h1q-assembly1__protein-a-2__ligand-b-2__ccd-pls,22,8,6
foldbench,8h1y-assembly1__protein-a-2__ligand-g-2__ccd-kpu,23,9,6
foldbench,8h29-assembly1__protein-a-2__ligand-b-2__ccd-2bo,23,8,6
foldbench,8h5a-assembly1__protein-b__ligand-w__ccd-7dv,9,0,1
foldbench,8h6p-assembly1__protein-a__ligand-c__ccd-wzu,27,0,1
foldbench,8h7m-assembly1__protein-a__ligand-c__ccd-wys,18,7,5
foldbench,8hay-assembly1__protein-a__ligand-e__ccd-kyl,47,11,9
foldbench,8hf8-assembly1__protein-a__ligand-c__ccd-loo,33,6,6
foldbench,8hkb-assembly1__protein-a__ligand-b__ccd-ub7,12,2,3
foldbench,8hut-assembly1__protein-a__ligand-c__ccd-7yy,37,6,4
foldbench,8hwi-assembly1__protein-b__ligand-g__ccd-c2e,46,2,3
foldbench,8hx9-assembly1__protein-a__ligand-c__ccd-trp,15,3,3
foldbench,8hy1-assembly1__protein-a__ligand-e__ccd-5zu,15,3,3
foldbench,8hy3-assembly1__protein-a__ligand-c__ccd-4q8,13,2,2
foldbench,8hyb-assembly1__protein-a__ligand-g__ccd-5zx,17,4,4
foldbench,8i61-assembly1__protein-a__ligand-b__ccd-br8,9,0,1
foldbench,8i6a-assembly1__protein-a__ligand-b__ccd-oro,11,1,2
foldbench,8i71-assembly1__protein-a__ligand-l__ccd-oti,42,9,8
foldbench,8iau-assembly1__protein-a__ligand-i__ccd-fbp,20,6,5
foldbench,8ic7-assembly1__protein-a__ligand-n__ccd-bxx,10,1,2
foldbench,8id0-assembly1__protein-a__ligand-b__ccd-7p6,15,3,3
foldbench,8igx-assembly1__protein-a-2__ligand-b-2__ccd-pql,36,6,8
foldbench,8ihg-assembly1__protein-c__ligand-g__ccd-2af,8,0,1
foldbench,8ii8-assembly1__protein-a__ligand-c__ccd-pw6,30,13,13
foldbench,8im3-assembly1__protein-a__ligand-h__ccd-92u,24,4,5
foldbench,8ime-assembly1__protein-b__ligand-e__ccd-0xe,32,4,4
foldbench,8ivu-assembly1__protein-b__ligand-i__ccd-sj6,26,4,4
foldbench,8ixq-assembly1__protein-b__ligand-e__ccd-lw8,15,4,3
foldbench,8iyb-assembly1__protein-a__ligand-e__ccd-fer,14,3,4
foldbench,8izc-assembly1__protein-a__ligand-f__ccd-s93,27,2,4
foldbench,8j3t-assembly1__protein-a__ligand-c__ccd-t1f,51,8,8
foldbench,8j5h-assembly1__protein-a__ligand-b__ccd-tv0,18,2,3
foldbench,8ja9-assembly1__protein-a__ligand-h__ccd-ty6,14,3,3
foldbench,8jab-assembly1__protein-a__ligand-b__ccd-u0x,23,4,4
foldbench,8jbo-assembly1__protein-a__ligand-c__ccd-ifm,10,1,2
foldbench,8jdg-assembly1__protein-a__ligand-c__ccd-ucu,7,2,3
foldbench,8jdr-assembly1__protein-a__ligand-c__ccd-uei,9,3,4
foldbench,8jdx-assembly1__protein-a__ligand-d__ccd-kiv,8,2,3
foldbench,8je4-assembly1__protein-a__ligand-d__ccd-pis,9,2,2
foldbench,8jfb-assembly1__protein-a__ligand-c__ccd-u86,26,5,5
foldbench,8jfd-assembly1__protein-a__ligand-e__ccd-u8y,26,5,5
foldbench,8ji7-assembly1__protein-b__ligand-i__ccd-trp,15,3,3
foldbench,8jik-assembly1__protein-a-2__ligand-b-2__ccd-plp,16,4,4
foldbench,8jjt-assembly1__protein-a__ligand-d__ccd-ud1,39,10,8
foldbench,8jkk-assembly1__protein-a__ligand-n__ccd-oga,10,2,3
foldbench,8jnc-assembly1__protein-a__ligand-d__ccd-e5i,37,1,2
foldbench,8jno-assembly1__protein-a__ligand-d__ccd-e8t,36,1,2
foldbench,8jny-assembly1__protein-a__ligand-c__ccd-erv,13,1,2
foldbench,8jq4-assembly1__protein-d__ligand-q__ccd-rm4,11,0,1
foldbench,8jv1-assembly1__protein-a__ligand-b__ccd-abu,7,3,3
foldbench,8jv2-assembly1__protein-a__ligand-b__ccd-pro,8,1,2
foldbench,8jv3-assembly1__protein-a__ligand-b__ccd-bet,8,2,2
foldbench,8jvl-assembly1__protein-a__ligand-b__ccd-v5l,13,2,3
foldbench,8jwz-assembly1__protein-a__ligand-u__ccd-u30,32,5,6
foldbench,8jyg-assembly1__protein-a__ligand-c__ccd-v8r,30,6,5
foldbench,8k1x-assembly1__protein-a__ligand-e__ccd-vi4,33,1,2
foldbench,8k3b-assembly1__protein-a__ligand-b__ccd-ele,16,7,6
foldbench,8k4f-assembly1__protein-a__ligand-e__ccd-og6,11,1,2
foldbench,8k4f-assembly1__protein-a__ligand-n__ccd-fjw,27,4,4
foldbench,8k5j-assembly1__protein-a__ligand-c__ccd-avj,14,4,3
foldbench,8k5q-assembly1__protein-a__ligand-c__ccd-c2e,46,2,3
foldbench,8k7f-assembly1__protein-b__ligand-k__ccd-vmf,11,2,3
foldbench,8k7h-assembly1__protein-a__ligand-g__ccd-vmo,10,1,2
foldbench,8kbg-assembly1__protein-a__ligand-h__ccd-1sy,45,2,3
foldbench,8kh3-assembly1__protein-a__ligand-b__ccd-vwf,11,0,2
foldbench,8khq-assembly1__protein-a__ligand-g__ccd-cys,7,2,3
foldbench,8kht-assembly1__protein-b__ligand-f__ccd-vy9,17,11,7
foldbench,8og8-assembly1__protein-a__ligand-b__ccd-vm8,23,3,3
foldbench,8ogc-assembly1__protein-a__ligand-g__ccd-vmz,35,6,6
foldbench,8ohu-assembly1__protein-a__ligand-b__ccd-sj5,11,1,2
foldbench,8ohv-assembly1__protein-a__ligand-b__ccd-vp5,12,1,2
foldbench,8ojo-assembly1__protein-a__ligand-f__ccd-yio,12,1,2
foldbench,8ojp-assembly1__protein-b__ligand-e__ccd-vpz,30,5,5
foldbench,8ok4-assembly1__protein-a-2__ligand-c-2__ccd-glc,12,1,2
foldbench,8oke-assembly1__protein-a__ligand-c__ccd-vqc,25,2,2
foldbench,8okg-assembly1__protein-a__ligand-c__ccd-vqh,26,3,3
foldbench,8okj-assembly1__protein-a__ligand-c__ccd-vri,27,3,3
foldbench,8oko-assembly1__protein-a__ligand-c__ccd-vr3,24,2,2
foldbench,8okp-assembly1__protein-a__ligand-c__ccd-vqw,26,2,2
foldbench,8olf-assembly1__protein-a__ligand-c__ccd-vs9,23,2,2
foldbench,8omj-assembly1__protein-b__ligand-c__ccd-vtm,35,7,8
foldbench,8onm-assembly1__protein-a__ligand-f__ccd-pmp,16,4,4
foldbench,8onn-assembly1__protein-a__ligand-f__ccd-ocf,22,8,6
foldbench,8onv-assembly1__protein-a__ligand-f__ccd-vu6,33,2,4
foldbench,8oo5-assembly1__protein-a__ligand-b__ccd-vuf,36,6,6
foldbench,8oqo-assembly1__protein-b__ligand-o__ccd-vxh,10,1,2
foldbench,8oqr-assembly1__protein-a__ligand-o__ccd-vwt,12,1,3
foldbench,8orc-assembly1__protein-b__ligand-j__ccd-vy8,17,5,5
foldbench,8ork-assembly1__protein-a__ligand-b__ccd-mpo,13,4,3
foldbench,8oru-assembly1__protein-a__ligand-h__ccd-dg2,15,6,5
foldbench,8otp-assembly1__protein-a__ligand-d__ccd-vzw,36,5,6
foldbench,8oua-assembly1__protein-a__ligand-e__ccd-w0z,22,3,4
foldbench,8ous-assembly1__protein-a__ligand-b__ccd-w3i,33,6,7
foldbench,8out-assembly1__protein-a__ligand-b__ccd-w3c,29,4,6
foldbench,8ouv-assembly1__protein-a__ligand-c__ccd-w3r,25,3,4
foldbench,8ov7-assembly1__protein-a__ligand-b__ccd-w3w,29,4,5
foldbench,8oyq-assembly1__protein-a__ligand-c__ccd-w6t,11,0,1
foldbench,8p04-assembly1__protein-a__ligand-b__ccd-wak,27,2,3
foldbench,8p08-assembly1__protein-a__ligand-b__ccd-waz,25,6,5
foldbench,8p0m-assembly1__protein-a__ligand-g__ccd-wcf,37,7,7
foldbench,8p3d-assembly1__protein-a__ligand-b__ccd-ws5,35,10,7
foldbench,8p3n-assembly1__protein-a__ligand-c__ccd-adz,11,0,1
foldbench,8p3r-assembly1__protein-b__ligand-d__ccd-wut,9,0,1
foldbench,8p5i-assembly1__protein-a__ligand-e__ccd-wyx,30,3,3
foldbench,8p7u-assembly1__protein-a__ligand-e__ccd-x3t,8,0,1
foldbench,8p8k-assembly1__protein-b__ligand-d__ccd-x7c,18,1,2
foldbench,8p92-assembly1__protein-a__ligand-d__ccd-xb0,24,5,5
foldbench,8p95-assembly1__protein-a__ligand-d__ccd-xa9,24,5,5
foldbench,8p9g-assembly1__protein-a__ligand-b__ccd-x9k,29,4,5
foldbench,8p9h-assembly1__protein-a__ligand-b__ccd-x9c,31,3,4
foldbench,8p9k-assembly1__protein-a__ligand-c__ccd-x9u,33,4,5
foldbench,8p9p-assembly1__protein-a__ligand-d__ccd-xb4,25,5,5
foldbench,8p9q-assembly1__protein-a__ligand-d__ccd-xc6,30,6,6
foldbench,8p9s-assembly1__protein-a__ligand-d__ccd-xcb,37,8,8
foldbench,8p9t-assembly1__protein-a__ligand-d__ccd-xcq,33,9,8
foldbench,8pa5-assembly1__protein-a__ligand-d__ccd-xmz,25,5,5
foldbench,8pb2-assembly1__protein-a__ligand-d__ccd-xq5,36,8,8
foldbench,8pb4-assembly1__protein-a__ligand-c__ccd-xp6,17,4,3
foldbench,8pd6-assembly1__protein-a__ligand-b__ccd-ycb,31,9,7
foldbench,8pfi-assembly1__protein-b__ligand-p__ccd-yhg,39,5,5
foldbench,8pg6-assembly1__protein-a__ligand-d__ccd-ysx,37,9,8
foldbench,8pg9-assembly1__protein-a__ligand-d__ccd-yv8,36,9,8
foldbench,8pgc-assembly1__protein-a__ligand-d__ccd-ysb,38,9,8
foldbench,8pge-assembly1__protein-a__ligand-d__ccd-yu8,37,7,7
foldbench,8pgg-assembly1__protein-a__ligand-d__ccd-yu3,33,6,6
foldbench,8pgj-assembly1__protein-a__ligand-d__ccd-ymb,38,8,7
foldbench,8pgk-assembly1__protein-a__ligand-d__ccd-yvh,38,6,7
foldbench,8pgl-assembly1__protein-a__ligand-d__ccd-yk5,37,8,8
foldbench,8pgm-assembly1__protein-a__ligand-d__ccd-yu0,27,5,5
foldbench,8pgr-assembly1__protein-a__ligand-e__ccd-yjz,33,6,7
foldbench,8pgt-assembly1__protein-a__ligand-d__ccd-ykz,32,5,6
foldbench,8pgx-assembly1__protein-a__ligand-d__ccd-yko,33,5,6
foldbench,8pgz-assembly1__protein-a__ligand-d__ccd-yqw,32,5,6
foldbench,8ph1-assembly1__protein-a__ligand-d__ccd-ymf,30,7,7
foldbench,8ph3-assembly1__protein-a__ligand-d__ccd-yqr,31,5,6
foldbench,8ppf-assembly1__protein-a__ligand-d__ccd-6ii,24,7,5
foldbench,8ppi-assembly1__protein-a__ligand-c__ccd-69i,25,8,6
foldbench,8pqg-assembly1__protein-a__ligand-c__ccd-9ji,37,5,6
foldbench,8pyi-assembly1__protein-a__ligand-i__ccd-ier,36,5,5
foldbench,8pyk-assembly1__protein-a__ligand-b__ccd-ic2,30,4,4
foldbench,8pym-assembly1__protein-a__ligand-b__ccd-ied,30,4,4
foldbench,8q0t-assembly1__protein-a__ligand-c__ccd-ijj,30,9,9
foldbench,8q1a-assembly1__protein-c-2__ligand-l-2__ccd-io6,21,5,4
foldbench,8q34-assembly1__protein-a__ligand-f__ccd-ix4,19,5,4
foldbench,8q3u-assembly1__protein-a__ligand-c__ccd-j8i,29,7,7
foldbench,8q8i-assembly1__protein-a__ligand-j__ccd-o5r,40,13,8
foldbench,8qa8-assembly1__protein-a__ligand-l__ccd-ctp,29,8,6
foldbench,8qbc-assembly1__protein-a__ligand-e__ccd-gee,7,2,3
foldbench,8qch-assembly1__protein-a__ligand-i__ccd-eif,25,4,4
foldbench,8qdy-assembly1__protein-a-2__ligand-b__ccd-u74,20,3,4
foldbench,8qe0-assembly1__protein-a-2__ligand-b__ccd-u8r,23,4,4
foldbench,8qe1-assembly1__protein-a__ligand-b-2__ccd-u8e,31,6,6
foldbench,8qe2-assembly1__protein-a__ligand-b__ccd-u7x,33,5,5
foldbench,8qe3-assembly1__protein-a-2__ligand-b-2__ccd-u96,30,3,4
foldbench,8qez-assembly1__protein-a__ligand-m__ccd-uf5,15,1,2
foldbench,8qf9-assembly1__protein-a__ligand-d__ccd-uho,34,11,8
foldbench,8qhg-assembly1__protein-a__ligand-b__ccd-v8i,15,2,3
foldbench,8qhq-assembly1__protein-b__ligand-i__ccd-5hu,22,5,5
foldbench,8qjm-assembly1__protein-a__ligand-c__ccd-c5p,21,4,4
foldbench,8qk2-assembly1__protein-a-2__ligand-d-2__ccd-vtf,39,7,7
foldbench,8qk9-assembly1__protein-a__ligand-d__ccd-vq9,40,7,7
foldbench,8qka-assembly1__protein-a-2__ligand-d-2__ccd-vtk,30,6,5
foldbench,8qqa-assembly1__protein-a__ligand-e__ccd-b1t,19,2,2
foldbench,8qrt-assembly1__protein-a__ligand-e__ccd-wp2,25,3,3
foldbench,8qtg-assembly1__protein-a__ligand-b__ccd-wuq,28,3,5
foldbench,8qtj-assembly1__protein-a__ligand-e__ccd-wui,36,5,7
foldbench,8qtk-assembly1__protein-a__ligand-e__ccd-wx9,36,5,7
foldbench,8qyr-assembly1__protein-a__ligand-b__ccd-xb2,20,4,4
foldbench,8r0i-assembly1__protein-a__ligand-d__ccd-xg7,24,3,4
foldbench,8r11-assembly1__protein-b__ligand-h__ccd-xi0,22,3,3
foldbench,8r1n-assembly1__protein-a__ligand-c__ccd-xit,18,4,4
foldbench,8r1p-assembly1__protein-a__ligand-c__ccd-xip,18,3,4
foldbench,8r1t-assembly1__protein-a__ligand-d__ccd-xij,18,4,4
foldbench,8r4o-assembly1__protein-a__ligand-m__ccd-xvi,33,7,8
foldbench,8r5b-assembly1__protein-a__ligand-c__ccd-y32,25,8,6
foldbench,8r5t-assembly1__protein-a__ligand-c__ccd-y4e,14,1,2
foldbench,8r5v-assembly1__protein-a__ligand-d__ccd-tf4,6,1,2
foldbench,8r6j-assembly1__protein-a__ligand-c__ccd-y7f,25,5,5
foldbench,8r6k-assembly1__protein-a__ligand-e__ccd-y78,22,4,4
foldbench,8rak-assembly1__protein-a__ligand-d__ccd-ymh,30,5,5
foldbench,8rcw-assembly1__protein-a__ligand-c__ccd-yqf,21,3,4
foldbench,8rhe-assembly1__protein-a__ligand-c__ccd-blg,35,11,9
foldbench,8riy-assembly1__protein-b__ligand-c__ccd-w0o,30,4,4
foldbench,8rpj-assembly1__protein-a__ligand-j__ccd-tpp,26,8,5
foldbench,8rqh-assembly1__protein-a__ligand-c__ccd-fad,53,13,10
foldbench,8rtw-assembly1__protein-a__ligand-e__ccd-tes,21,0,1
foldbench,8rzk-assembly1__protein-b__ligand-m__ccd-tla,10,3,4
foldbench,8s4h-assembly1__protein-a__ligand-g__ccd-rbr,38,5,5
foldbench,8s9m-assembly1__protein-a__ligand-b__ccd-sfg,27,7,6
foldbench,8sbt-assembly1__protein-a__ligand-c__ccd-zuy,25,5,4
foldbench,8shj-assembly1__protein-a__ligand-d__ccd-zi8,26,4,5
foldbench,8sio-assembly1__protein-a__ligand-c__ccd-gxf,39,9,8
foldbench,8sjk-assembly1__protein-a__ligand-f__ccd-cff,14,0,1
foldbench,8skl-assembly1__protein-a__ligand-e__ccd-v2o,27,5,4
foldbench,8smf-assembly1__protein-b__ligand-i__ccd-ojc,35,1,2
foldbench,8son-assembly1__protein-a__ligand-i__ccd-30y,26,4,6
foldbench,8sqg-assembly1__protein-a__ligand-d__ccd-x6q,32,9,8
foldbench,8sv9-assembly1__protein-a__ligand-c__ccd-wxh,28,4,5
foldbench,8svy-assembly1__protein-a__ligand-h__ccd-wuc,52,6,5
foldbench,8sx2-assembly1__protein-a__ligand-c__ccd-uhb,39,5,5
foldbench,8t0t-assembly1__protein-a-3__ligand-c-3__ccd-y6e,34,4,5
foldbench,8t8z-assembly1__protein-a__ligand-b__ccd-adp,27,6,5
foldbench,8t9v-assembly1__protein-a__ligand-b__ccd-zjt,17,1,2
foldbench,8tab-assembly1__protein-a__ligand-e__ccd-u4t,16,1,2
foldbench,8tbs-assembly1__protein-d__ligand-v__ccd-hvi,28,4,3
foldbench,8tbu-assembly1__protein-d__ligand-t__ccd-i0r,23,2,2
foldbench,8tc9-assembly1__protein-d__ligand-ja__ccd-zte,28,6,5
foldbench,8te9-assembly1__protein-a__ligand-c__ccd-8x3,7,2,2
foldbench,8tfo-assembly1__protein-a__ligand-c__ccd-mev,10,4,3
foldbench,8tfq-assembly1__protein-c__ligand-e__ccd-7v7,25,6,6
foldbench,8tnb-assembly1__protein-b__ligand-e__ccd-iqm,22,4,4
foldbench,8tov-assembly1__protein-f__ligand-r__ccd-j6u,57,11,7
foldbench,8tr4-assembly1__protein-a__ligand-c__ccd-k6c,34,8,8
foldbench,8try-assembly1__protein-a__ligand-d__ccd-qu0,34,11,8
foldbench,8tx0-assembly1__protein-a__ligand-c__ccd-veu,33,6,6
foldbench,8tx9-assembly1__protein-b__ligand-k__ccd-bmx,19,4,4
foldbench,8txe-assembly1__protein-a__ligand-e__ccd-vm9,43,5,6
foldbench,8txg-assembly1__protein-a__ligand-d__ccd-vqt,42,5,5
foldbench,8txh-assembly1__protein-a__ligand-e__ccd-vr5,47,5,7
foldbench,8u0q-assembly1__protein-b__ligand-d__ccd-u4i,29,7,6
foldbench,8u2d-assembly1__protein-a__ligand-b__ccd-uqx,40,6,5
foldbench,8u37-assembly1__protein-a__ligand-b__ccd-v5u,36,6,7
foldbench,8u8j-assembly1__protein-a__ligand-b__ccd-wal,27,6,5
foldbench,8u8k-assembly1__protein-a__ligand-b__ccd-w8u,30,5,4
foldbench,8uc2-assembly1__protein-a__ligand-b__ccd-bez,9,1,2
foldbench,8ug3-assembly1__protein-a__ligand-c__ccd-wre,29,4,5
foldbench,8un3-assembly1__protein-a__ligand-e__ccd-xoi,44,5,6
foldbench,8un5-assembly1__protein-a__ligand-g__ccd-xq6,56,7,8
foldbench,8uob-assembly1__protein-a__ligand-b__ccd-xb5,37,10,9
foldbench,8uoi-assembly1__protein-a__ligand-b__ccd-x3q,34,4,5
foldbench,8uou-assembly1__protein-a-2__ligand-c-2__ccd-asp,9,3,3
foldbench,8upi-assembly1__protein-a__ligand-d__ccd-set,7,2,3
foldbench,8upq-assembly1__protein-a__ligand-h__ccd-xai,9,2,3
foldbench,8upv-assembly1__protein-a-2__ligand-b-2__ccd-x83,35,9,8
foldbench,8usr-assembly1__protein-b__ligand-f__ccd-xce,33,8,7
foldbench,8uss-assembly1__protein-a__ligand-b__ccd-xcw,33,5,5
foldbench,8uuf-assembly1__protein-a__ligand-b__ccd-xwo,36,9,8
foldbench,8uv0-assembly1__protein-a__ligand-b__ccd-xku,33,7,6
foldbench,8uxs-assembly1__protein-a__ligand-c__ccd-xu8,26,8,6
foldbench,8v1f-assembly1__protein-b__ligand-o__ccd-7r8,14,1,2
foldbench,8v2f-assembly1__protein-a__ligand-e__ccd-yju,34,5,7
foldbench,8v3k-assembly1__protein-a__ligand-f__ccd-dpo,9,2,2
foldbench,8vcw-assembly1__protein-a__ligand-f__ccd-dtb,15,6,4
foldbench,8vg8-assembly1__protein-a-3__ligand-b-3__ccd-7l9,21,4,5
foldbench,8vr7-assembly1__protein-a__ligand-g__ccd-aco,51,19,14
foldbench,8w4b-assembly1__protein-a__ligand-b__ccd-str,23,1,2
foldbench,8w8h-assembly1__protein-a__ligand-e__ccd-ile,9,3,4
foldbench,8w8j-assembly1__protein-a__ligand-c__ccd-w1q,29,4,4
foldbench,8w8l-assembly1__protein-b__ligand-r__ccd-w20,30,4,4
foldbench,8w9i-assembly1__protein-a__ligand-c__ccd-w2h,28,4,4
foldbench,8wbt-assembly1__protein-b__ligand-j__ccd-tla,10,3,4
foldbench,8wbv-assembly1__protein-a__ligand-c__ccd-bma,12,1,2
foldbench,8wch-assembly1__protein-a__ligand-c__ccd-pca,9,1,2
foldbench,8wdq-assembly1__protein-b__ligand-m__ccd-ipd,16,2,2
foldbench,8wev-assembly1__protein-a-2__ligand-c-2__ccd-amp,23,4,4
foldbench,8wkg-assembly1__protein-a__ligand-b__ccd-wdb,24,4,4
foldbench,8wlb-assembly1__protein-a__ligand-b__ccd-web,12,1,2
foldbench,8wni-assembly1__protein-a__ligand-c__ccd-val,8,2,3
foldbench,8x3q-assembly1__protein-d-2__ligand-l-2__ccd-udp,25,6,5
foldbench,8x6q-assembly1__protein-a__ligand-e__ccd-y8r,11,1,2
foldbench,8xf7-assembly1__protein-a__ligand-b__ccd-6l0,42,0,1
foldbench,8xfa-assembly1__protein-a__ligand-b__ccd-6l0,42,0,1
foldbench,8xw7-assembly1__protein-a__ligand-h__ccd-adp,27,6,5
foldbench,8xw8-assembly1__protein-a-2__ligand-i-2__ccd-gdp,28,6,5
foldbench,8y58-assembly1__protein-a__ligand-b__ccd-pmz,23,5,4
foldbench,8y9p-assembly1__protein-a__ligand-c__ccd-a3p,27,6,5
foldbench,8ye0-assembly1__protein-a__ligand-e__ccd-pis,9,2,2
foldbench,8yik-assembly1__protein-a__ligand-b__ccd-atp,31,8,6
foldbench,8yl9-assembly1__protein-a__ligand-g__ccd-ppv,9,2,2
foldbench,8zly-assembly1__protein-a__ligand-l__ccd-udp,25,6,5
foldbench,8zvh-assembly1__protein-a__ligand-d__ccd-phe,12,3,3
foldbench,9aul-assembly1__protein-a-2__ligand-b-2__ccd-4wi,35,7,8
foldbench,9b1v-assembly1__protein-a__ligand-e__ccd-pqq,24,3,4
foldbench,9bbh-assembly1__protein-a__ligand-e__ccd-vvp,11,1,2
foldbench,9boo-assembly1__protein-a-2__ligand-b-2__ccd-ydl,34,7,8
foldbench,9enh-assembly1__protein-b__ligand-o__ccd-fad,53,13,10
foldbench,9jff-assembly1__protein-a__ligand-e__ccd-33p,24,9,6
openbind,a71ev2a-x0152a,17,3,3
openbind,a71ev2a-x0152b,17,3,3
openbind,a71ev2a-x0188a,14,3,2
openbind,a71ev2a-x0194a,15,3,3
openbind,a71ev2a-x0202a,13,1,2
openbind,a71ev2a-x0202b,13,1,2
openbind,a71ev2a-x0207a,15,3,3
openbind,a71ev2a-x0228a,11,1,1
openbind,a71ev2a-x0229a,13,3,3
openbind,a71ev2a-x0229b,13,3,3
openbind,a71ev2a-x0237a,15,3,3
openbind,a71ev2a-x0239a,15,3,3
openbind,a71ev2a-x0269a,15,2,3
openbind,a71ev2a-x0278a,15,2,2
openbind,a71ev2a-x0278b,15,2,2
openbind,a71ev2a-x0305a,13,2,2
openbind,a71ev2a-x0309a,15,2,3
openbind,a71ev2a-x0310a,14,2,3
openbind,a71ev2a-x0332a,12,2,2
openbind,a71ev2a-x0333a,13,4,3
openbind,a71ev2a-x0351a,16,4,3
openbind,a71ev2a-x0351b,16,4,3
openbind,a71ev2a-x0351c,16,4,3
openbind,a71ev2a-x0354a,14,2,3
openbind,a71ev2a-x0359a,12,2,3
openbind,a71ev2a-x0365a,14,3,3
openbind,a71ev2a-x0375a,12,2,3
openbind,a71ev2a-x0375b,12,2,3
openbind,a71ev2a-x0375c,12,2,3
openbind,a71ev2a-x0395a,16,4,5
openbind,a71ev2a-x0395b,16,4,5
openbind,a71ev2a-x0396a,9,2,2
openbind,a71ev2a-x0412a,15,2,3
openbind,a71ev2a-x0416a,15,2,3
openbind,a71ev2a-x0428a,12,2,2
openbind,a71ev2a-x0432a,12,1,2
openbind,a71ev2a-x0437a,10,2,2
openbind,a71ev2a-x0443a,10,0,1
openbind,a71ev2a-x0446a,10,1,2
openbind,a71ev2a-x0450a,13,1,2
openbind,a71ev2a-x0451a,14,1,2
openbind,a71ev2a-x0469a,15,2,3
openbind,a71ev2a-x0473a,15,3,3
openbind,a71ev2a-x0486a,15,2,2
openbind,a71ev2a-x0487a,11,1,2
openbind,a71ev2a-x0488a,10,2,2
openbind,a71ev2a-x0497a,11,0,2
openbind,a71ev2a-x0501a,13,2,3
openbind,a71ev2a-x0501b,13,2,3
openbind,a71ev2a-x0514a,12,1,2
openbind,a71ev2a-x0514b,12,1,2
openbind,a71ev2a-x0515a,11,1,2
openbind,a71ev2a-x0515b,11,1,2
openbind,a71ev2a-x0515c,11,1,2
openbind,a71ev2a-x0517a,18,4,4
openbind,a71ev2a-x0525a,11,2,2
openbind,a71ev2a-x0526a,12,1,2
openbind,a71ev2a-x0528a,15,2,2
openbind,a71ev2a-x0528b,15,2,2
openbind,a71ev2a-x0540a,18,4,4
openbind,a71ev2a-x0541a,15,3,3
openbind,a71ev2a-x0554a,13,1,2
openbind,a71ev2a-x0554b,13,1,2
openbind,a71ev2a-x0556a,14,2,3
openbind,a71ev2a-x0566a,13,1,2
openbind,a71ev2a-x0571a,11,3,3
openbind,a71ev2a-x0586a,15,1,2
openbind,a71ev2a-x0691a,12,2,3
openbind,a71ev2a-x0717a,13,2,2
openbind,a71ev2a-x0719a,13,3,3
openbind,a71ev2a-x0719b,13,3,3
openbind,a71ev2a-x0732a,14,2,3
openbind,a71ev2a-x0739a,18,3,3
openbind,a71ev2a-x0812a,13,1,2
openbind,a71ev2a-x0831a,15,3,3
openbind,a71ev2a-x0836a,16,3,4
openbind,a71ev2a-x0836b,16,3,4
openbind,a71ev2a-x0853a,15,2,3
openbind,a71ev2a-x0884a,14,2,3
openbind,a71ev2a-x0900a,12,1,2
openbind,a71ev2a-x0911a,15,2,3
openbind,a71ev2a-x0922a,14,3,3
openbind,a71ev2a-x0926a,14,3,3
openbind,a71ev2a-x1019a,13,3,3
openbind,a71ev2a-x1068a,7,0,1
openbind,a71ev2a-x1068b,7,0,1
openbind,a71ev2a-x1068c,7,0,1
openbind,a71ev2a-x1080a,6,1,2
openbind,a71ev2a-x1081a,6,0,1
openbind,a71ev2a-x1081b,6,0,1
openbind,a71ev2a-x1084a,7,1,2
openbind,a71ev2a-x1105a,12,1,2
openbind,a71ev2a-x1105b,12,1,2
openbind,a71ev2a-x1109a,14,2,3
openbind,a71ev2a-x1128a,12,1,2
openbind,a71ev2a-x1140a,15,3,3
openbind,a71ev2a-x1140b,15,3,3
openbind,a71ev2a-x1145a,14,2,2
openbind,a71ev2a-x1145b,14,2,2
openbind,a71ev2a-x1146a,13,1,2
openbind,a71ev2a-x1148a,6,0,1
openbind,a71ev2a-x1148b,6,0,1
openbind,a71ev2a-x1180a,6,0,1
openbind,a71ev2a-x1180b,6,0,1
openbind,a71ev2a-x1209a,6,0,1
openbind,a71ev2a-x1255a,12,3,3
openbind,a71ev2a-x1292a,13,2,3
openbind,a71ev2a-x1293a,10,0,1
openbind,a71ev2a-x1346a,29,7,5
openbind,a71ev2a-x1445a,18,4,5
openbind,a71ev2a-x1445b,18,4,5
openbind,a71ev2a-x1776a,15,3,4
openbind,a71ev2a-x1778a,17,2,3
openbind,a71ev2a-x2290a,14,1,2
openbind,a71ev2a-x2293a,24,3,3
openbind,a71ev2a-x2304a,18,2,3
openbind,a71ev2a-x2339a,17,2,3
openbind,a71ev2a-x2351a,14,1,2
openbind,a71ev2a-x2448a,12,2,2
openbind,a71ev2a-x2448b,12,2,2
openbind,a71ev2a-x2454a,14,2,3
openbind,a71ev2a-x2458a,12,2,2
openbind,a71ev2a-x2513a,14,1,2
openbind,a71ev2a-x2629a,18,3,4
openbind,a71ev2a-x2846a,20,4,4
openbind,a71ev2a-x2972a,19,3,3
openbind,a71ev2a-x3054a,19,2,3
openbind,a71ev2a-x3066a,14,1,2
openbind,a71ev2a-x3175a,20,3,3
openbind,a71ev2a-x3176a,18,4,4
openbind,a71ev2a-x3177a,18,3,4
openbind,a71ev2a-x3178a,18,2,3
openbind,a71ev2a-x3181a,20,4,4
openbind,a71ev2a-x3181b,20,4,4
openbind,a71ev2a-x3186a,20,4,4
openbind,a71ev2a-x3188a,22,3,3
openbind,a71ev2a-x3189a,22,3,3
openbind,a71ev2a-x3191a,21,3,3
openbind,a71ev2a-x3193a,20,3,3
openbind,a71ev2a-x3194a,19,3,3
openbind,a71ev2a-x3201a,20,4,4
openbind,a71ev2a-x3207a,19,3,3
openbind,a71ev2a-x3208a,23,3,4
openbind,a71ev2a-x3210a,21,3,3
openbind,a71ev2a-x3218a,20,2,3
openbind,a71ev2a-x3221a,19,3,3
openbind,a71ev2a-x3222a,17,2,3
openbind,a71ev2a-x3223a,20,2,3
openbind,a71ev2a-x3225a,22,3,3
openbind,a71ev2a-x3229a,20,4,4
openbind,a71ev2a-x3234a,19,3,3
openbind,a71ev2a-x3264a,20,4,4
openbind,a71ev2a-x3279a,16,2,2
openbind,a71ev2a-x3280a,23,4,4
openbind,a71ev2a-x3286a,21,4,4
openbind,a71ev2a-x3305a,23,3,3
openbind,a71ev2a-x3306a,20,4,4
openbind,a71ev2a-x3324a,25,5,5
openbind,a71ev2a-x3371a,21,4,4
openbind,a71ev2a-x3379a,21,4,4
openbind,a71ev2a-x3392a,19,3,3
openbind,a71ev2a-x3403a,19,3,3
openbind,a71ev2a-x3408a,14,3,3
openbind,a71ev2a-x3410a,21,4,4
openbind,a71ev2a-x3417a,16,3,3
openbind,a71ev2a-x3419a,22,4,4
openbind,a71ev2a-x3435a,16,4,4
openbind,a71ev2a-x3436a,16,4,4
openbind,a71ev2a-x3450a,19,3,4
openbind,a71ev2a-x3480a,21,3,4
openbind,a71ev2a-x3483a,21,4,4
openbind,a71ev2a-x3485a,20,3,4
openbind,a71ev2a-x3488a,24,6,5
openbind,a71ev2a-x3489a,22,3,3
openbind,a71ev2a-x3509a,20,2,4
openbind,a71ev2a-x3509b,20,2,4
openbind,a71ev2a-x3510a,19,2,3
openbind,a71ev2a-x3521a,23,3,5
openbind,a71ev2a-x3521b,23,3,5
openbind,a71ev2a-x3522a,22,6,5
openbind,a71ev2a-x3522b,22,6,5
openbind,a71ev2a-x3546a,21,4,4
openbind,a71ev2a-x3548a,20,4,4
openbind,a71ev2a-x3550a,21,4,4
openbind,a71ev2a-x3550b,21,4,4
openbind,a71ev2a-x3556a,21,3,3
openbind,a71ev2a-x3557a,22,5,5
openbind,a71ev2a-x3557b,22,5,5
openbind,a71ev2a-x3564a,19,3,4
openbind,a71ev2a-x3568a,20,4,4
openbind,a71ev2a-x3571a,21,4,4
openbind,a71ev2a-x3571b,21,4,4
openbind,a71ev2a-x3575a,22,4,5
openbind,a71ev2a-x3579a,19,4,4
openbind,a71ev2a-x3581a,19,4,4
openbind,a71ev2a-x3585a,23,2,3
openbind,a71ev2a-x3593a,21,4,4
openbind,a71ev2a-x3606a,26,4,4
openbind,a71ev2a-x3612a,19,2,3
openbind,a71ev2a-x3616a,20,3,3
openbind,a71ev2a-x3616b,20,3,3
openbind,a71ev2a-x3618a,23,4,5
openbind,a71ev2a-x3618b,23,4,5
openbind,a71ev2a-x3621a,17,3,3
openbind,a71ev2a-x3623a,20,6,4
openbind,a71ev2a-x3634a,20,4,4
openbind,a71ev2a-x3663a,20,4,4
openbind,a71ev2a-x3665a,22,4,4
openbind,a71ev2a-x3685a,20,4,4
openbind,a71ev2a-x3694a,20,5,4
openbind,a71ev2a-x3694b,20,5,4
openbind,a71ev2a-x3706a,20,3,3
openbind,a71ev2a-x3706b,20,3,3
openbind,a71ev2a-x3849a,20,4,4
openbind,a71ev2a-x3858a,21,4,4
openbind,a71ev2a-x3858b,21,4,4
openbind,a71ev2a-x3862a,22,5,5
openbind,a71ev2a-x3867a,20,3,4
openbind,a71ev2a-x3868a,21,3,4
openbind,a71ev2a-x3869a,20,4,4
openbind,a71ev2a-x3883a,22,5,5
openbind,a71ev2a-x3884a,28,5,6
openbind,a71ev2a-x3884b,28,5,6
openbind,a71ev2a-x3890a,21,4,5
openbind,a71ev2a-x3895a,18,4,4
openbind,a71ev2a-x3897a,20,4,4
openbind,a71ev2a-x3901a,20,4,4
openbind,a71ev2a-x3908a,28,4,4
openbind,a71ev2a-x3914a,22,3,3
openbind,a71ev2a-x3920a,20,4,4
openbind,a71ev2a-x3936a,20,4,4
openbind,a71ev2a-x3937a,20,4,4
openbind,a71ev2a-x3938a,18,2,3
openbind,a71ev2a-x3939a,21,4,4
openbind,a71ev2a-x3940a,21,4,4
openbind,a71ev2a-x3942a,21,4,4
openbind,a71ev2a-x3944a,27,7,6
openbind,a71ev2a-x3954a,22,3,4
openbind,a71ev2a-x3956a,19,5,5
openbind,a71ev2a-x3963a,19,3,3
openbind,a71ev2a-x3963b,19,3,3
openbind,a71ev2a-x3968a,25,6,5
openbind,a71ev2a-x3975a,24,5,4
openbind,a71ev2a-x3977a,18,6,5
openbind,a71ev2a-x3977b,18,6,5
openbind,a71ev2a-x3981a,26,6,5
openbind,a71ev2a-x3982a,24,4,4
openbind,a71ev2a-x3986a,25,5,4
openbind,a71ev2a-x3986b,25,5,4
openbind,a71ev2a-x3989a,22,3,4
openbind,a71ev2a-x3990a,23,4,5
openbind,a71ev2a-x3992a,20,3,4
openbind,a71ev2a-x3992b,20,3,4
openbind,a71ev2a-x3993a,27,6,6
openbind,a71ev2a-x3993b,27,6,6
openbind,a71ev2a-x4012a,20,3,4
openbind,a71ev2a-x4012b,20,3,4
openbind,a71ev2a-x4017a,22,2,3
openbind,a71ev2a-x4017b,22,2,3
openbind,a71ev2a-x4018a,21,4,4
openbind,a71ev2a-x4018b,21,4,4
openbind,a71ev2a-x4020a,19,3,3
openbind,a71ev2a-x4020b,19,3,3
openbind,a71ev2a-x4028a,24,4,5
openbind,a71ev2a-x4029a,19,4,4
openbind,a71ev2a-x4031a,20,3,4
openbind,a71ev2a-x4031b,20,3,4
openbind,a71ev2a-x4032a,20,5,4
openbind,a71ev2a-x4032b,20,5,4
openbind,a71ev2a-x4035a,21,3,4
openbind,a71ev2a-x4035b,21,3,4
openbind,a71ev2a-x4202a,21,2,3
openbind,a71ev2a-x4202b,21,2,3
openbind,a71ev2a-x4203a,21,4,4
openbind,a71ev2a-x4207a,24,5,5
openbind,a71ev2a-x4207b,24,5,5
openbind,a71ev2a-x4209a,21,4,4
openbind,a71ev2a-x4214a,20,4,4
openbind,a71ev2a-x4214b,20,4,4
openbind,a71ev2a-x4237a,26,5,4
openbind,a71ev2a-x4237b,26,5,4
openbind,a71ev2a-x4237c,26,5,4
openbind,a71ev2a-x4237d,26,5,4
openbind,a71ev2a-x4239a,23,4,4
openbind,a71ev2a-x4254a,20,2,3
openbind,a71ev2a-x4260a,22,2,3
openbind,a71ev2a-x4274a,18,4,4
openbind,a71ev2a-x4274b,18,4,4
openbind,a71ev2a-x4283a,20,4,4
openbind,a71ev2a-x4283b,20,4,4
openbind,a71ev2a-x4290a,21,4,4
openbind,a71ev2a-x4291a,21,3,3
openbind,a71ev2a-x4292a,22,3,4
openbind,a71ev2a-x4295a,20,5,5
openbind,a71ev2a-x4298a,20,3,4
openbind,a71ev2a-x4303a,24,4,5
openbind,a71ev2a-x4303b,24,4,5
openbind,a71ev2a-x4304a,25,5,5
openbind,a71ev2a-x4305a,22,4,4
openbind,a71ev2a-x4306a,24,4,5
openbind,a71ev2a-x4308a,22,2,3
openbind,a71ev2a-x4309a,25,5,6
openbind,a71ev2a-x4309b,25,5,6
openbind,a71ev2a-x4310a,24,3,5
openbind,a71ev2a-x4310b,24,3,5
openbind,a71ev2a-x4311a,22,2,4
openbind,a71ev2a-x4312a,19,3,3
openbind,a71ev2a-x4313a,20,5,5
openbind,a71ev2a-x4315a,20,3,3
openbind,a71ev2a-x4316a,21,3,4
openbind,a71ev2a-x4317a,21,4,4
openbind,a71ev2a-x4319a,22,5,4
openbind,a71ev2a-x4320a,23,3,3
openbind,a71ev2a-x4321a,21,4,4
openbind,a71ev2a-x4321b,21,4,4
openbind,a71ev2a-x4322a,22,4,4
openbind,a71ev2a-x4324a,20,3,3
openbind,a71ev2a-x4331a,20,4,4
openbind,a71ev2a-x4331b,20,4,4
openbind,a71ev2a-x4333a,19,3,3
openbind,a71ev2a-x4334a,20,4,4
openbind,a71ev2a-x4334b,20,4,4
openbind,a71ev2a-x4336a,20,3,3
openbind,a71ev2a-x4341a,21,3,3
openbind,a71ev2a-x4342a,22,3,4
openbind,a71ev2a-x4343a,20,3,3
openbind,a71ev2a-x4343b,20,3,3
openbind,a71ev2a-x4344a,21,3,3
openbind,a71ev2a-x4346a,21,3,3
openbind,a71ev2a-x4347a,20,4,4
openbind,a71ev2a-x4350a,19,3,3
openbind,a71ev2a-x4351a,20,3,3
openbind,a71ev2a-x4365a,22,3,3
openbind,a71ev2a-x4365b,22,3,3
openbind,a71ev2a-x4368a,21,5,4
openbind,a71ev2a-x4372a,19,3,3
openbind,a71ev2a-x4373a,21,3,3
openbind,a71ev2a-x4374a,20,4,4
openbind,a71ev2a-x4374b,20,4,4
openbind,a71ev2a-x4380a,20,3,3
openbind,a71ev2a-x4381a,26,3,5
openbind,a71ev2a-x4386a,20,4,4
openbind,a71ev2a-x4388a,21,4,4
openbind,a71ev2a-x4390a,20,5,5
openbind,a71ev2a-x4402a,19,4,4
openbind,a71ev2a-x4403a,23,5,4
openbind,a71ev2a-x4406a,21,5,5
openbind,a71ev2a-x4409a,21,3,3
openbind,a71ev2a-x4415a,22,3,5
openbind,a71ev2a-x4416a,25,4,4
openbind,a71ev2a-x4418a,19,3,4
openbind,a71ev2a-x4420a,21,3,3
openbind,a71ev2a-x4421a,19,4,4
openbind,a71ev2a-x4423a,20,5,4
openbind,a71ev2a-x4426a,21,5,4
openbind,a71ev2a-x4429a,24,3,5
openbind,a71ev2a-x4431a,21,4,4
openbind,a71ev2a-x4445a,21,4,5
openbind,a71ev2a-x4445b,21,4,5
openbind,a71ev2a-x4447a,22,2,3
openbind,a71ev2a-x4447b,22,2,3
openbind,a71ev2a-x4449a,24,5,5
openbind,a71ev2a-x4449b,24,5,5
openbind,a71ev2a-x4451a,23,4,4
openbind,a71ev2a-x4451b,23,4,4
openbind,a71ev2a-x4456a,21,2,3
openbind,a71ev2a-x4456b,21,2,3
openbind,a71ev2a-x4461a,19,3,3
openbind,a71ev2a-x4463a,21,3,3
openbind,a71ev2a-x4464a,20,3,3
openbind,a71ev2a-x4467a,21,3,4
openbind,a71ev2a-x4472a,19,2,3
openbind,a71ev2a-x4476a,21,4,4
openbind,a71ev2a-x4489a,19,3,3
openbind,a71ev2a-x4489b,19,3,3
openbind,a71ev2a-x4490a,20,3,3
openbind,a71ev2a-x4494a,22,3,4
openbind,a71ev2a-x4496a,23,3,5
openbind,a71ev2a-x4509a,20,3,4
openbind,a71ev2a-x4510a,23,3,5
openbind,a71ev2a-x4514a,20,3,4
openbind,a71ev2a-x4516a,20,3,4
openbind,a71ev2a-x4519a,22,3,3
openbind,a71ev2a-x4519b,22,3,3
openbind,a71ev2a-x4524a,21,3,4
openbind,a71ev2a-x4526a,18,3,4
openbind,a71ev2a-x4528a,23,3,3
openbind,a71ev2a-x4537a,20,3,3
openbind,a71ev2a-x4538a,22,3,4
openbind,a71ev2a-x4540a,21,3,3
openbind,a71ev2a-x4541a,20,3,4
openbind,a71ev2a-x4541b,20,3,4
openbind,a71ev2a-x4544a,23,4,4
openbind,a71ev2a-x4546a,20,3,3
openbind,a71ev2a-x4547a,21,3,3
openbind,a71ev2a-x4554a,22,4,5
openbind,a71ev2a-x4559a,22,3,3
openbind,a71ev2a-x4559b,22,3,3
openbind,a71ev2a-x4563a,16,2,3
openbind,a71ev2a-x4570a,20,3,4
openbind,a71ev2a-x4571a,23,3,5
openbind,a71ev2a-x4575a,20,3,4
openbind,a71ev2a-x4580a,22,3,3
openbind,a71ev2a-x4580b,22,3,3
openbind,a71ev2a-x4583a,21,2,3
openbind,a71ev2a-x4583b,21,2,3
openbind,a71ev2a-x4586a,18,3,4
openbind,a71ev2a-x4596a,20,3,3
openbind,a71ev2a-x4596b,20,3,3
openbind,a71ev2a-x4596c,20,3,3
openbind,a71ev2a-x4606a,20,2,3
openbind,a71ev2a-x4606b,20,2,3
openbind,a71ev2a-x4608a,21,2,3
openbind,a71ev2a-x4611a,20,3,3
openbind,a71ev2a-x4611b,20,3,3
openbind,a71ev2a-x4644a,21,3,3
openbind,a71ev2a-x4644b,21,3,3
openbind,a71ev2a-x4650a,22,3,4
openbind,a71ev2a-x4654a,24,2,3
openbind,a71ev2a-x4656a,22,4,4
openbind,a71ev2a-x4661a,20,4,5
openbind,a71ev2a-x4669a,23,3,3
openbind,a71ev2a-x4669b,23,3,3
openbind,a71ev2a-x4670a,21,4,4
openbind,a71ev2a-x4673a,22,3,3
openbind,a71ev2a-x4673b,22,3,3
openbind,a71ev2a-x4674a,22,2,3
openbind,a71ev2a-x4674b,22,2,3
openbind,a71ev2a-x4674c,22,2,3
openbind,a71ev2a-x4675a,22,4,4
openbind,a71ev2a-x4684a,20,3,4
openbind,a71ev2a-x4689a,20,4,4
openbind,a71ev2a-x4694a,19,4,4
openbind,a71ev2a-x4695a,19,4,4
openbind,a71ev2a-x4701a,18,5,4
openbind,a71ev2a-x4703a,20,3,4
openbind,a71ev2a-x4706a,17,2,3
openbind,a71ev2a-x4707a,16,3,3
openbind,a71ev2a-x4708a,18,2,3
openbind,a71ev2a-x4710a,19,4,4
openbind,a71ev2a-x4711a,19,4,4
openbind,a71ev2a-x4712a,21,3,4
openbind,a71ev2a-x4715a,16,3,3
openbind,a71ev2a-x4715b,16,3,3
openbind,a71ev2a-x4721a,18,3,3
openbind,a71ev2a-x4724a,22,4,4
openbind,a71ev2a-x4727a,21,3,4
openbind,a71ev2a-x4735a,21,4,4
openbind,a71ev2a-x4736a,17,4,4
openbind,a71ev2a-x4739a,21,4,4
openbind,a71ev2a-x4742a,21,2,3
openbind,a71ev2a-x4742b,21,2,3
openbind,a71ev2a-x4745a,21,4,4
openbind,a71ev2a-x4746a,20,4,4
openbind,a71ev2a-x4748a,20,4,4
openbind,a71ev2a-x4751a,19,4,4
openbind,a71ev2a-x4752a,22,3,3
openbind,a71ev2a-x4753a,21,4,4
openbind,a71ev2a-x4771a,22,3,3
openbind,a71ev2a-x4774a,20,4,4
openbind,a71ev2a-x4777a,24,4,5
openbind,a71ev2a-x4778a,24,4,5
openbind,a71ev2a-x4784a,18,3,3
openbind,a71ev2a-x4786a,16,2,3
openbind,a71ev2a-x4791a,21,3,3
openbind,a71ev2a-x4794a,18,3,3
openbind,a71ev2a-x4798a,22,4,4
openbind,a71ev2a-x4806a,20,2,3
openbind,a71ev2a-x4806b,20,2,3
openbind,a71ev2a-x4809a,20,5,4
openbind,a71ev2a-x4812a,20,4,4
openbind,a71ev2a-x4824a,20,3,4
openbind,a71ev2a-x4824b,20,3,4
openbind,a71ev2a-x4826a,20,3,4
openbind,a71ev2a-x4826b,20,3,4
openbind,a71ev2a-x4827a,20,4,4
openbind,a71ev2a-x4827b,20,4,4
openbind,a71ev2a-x4829a,21,3,4
openbind,a71ev2a-x4829b,21,3,4
openbind,a71ev2a-x4836a,23,2,3
openbind,a71ev2a-x4838a,22,3,4
openbind,a71ev2a-x4839a,21,3,3
openbind,a71ev2a-x4840a,21,4,4
openbind,a71ev2a-x4843a,25,3,5
openbind,a71ev2a-x4845a,23,5,5
openbind,a71ev2a-x4846a,19,3,4
openbind,a71ev2a-x4847a,20,3,3
openbind,a71ev2a-x4851a,21,3,4
openbind,a71ev2a-x4855a,19,3,4
openbind,a71ev2a-x4856a,20,4,4
openbind,a71ev2a-x4872a,23,3,3
openbind,a71ev2a-x4873a,21,3,4
openbind,a71ev2a-x4873b,21,3,4
openbind,a71ev2a-x4874a,18,3,4
openbind,a71ev2a-x4874b,18,3,4
openbind,a71ev2a-x4877a,20,2,3
openbind,a71ev2a-x4877b,20,2,3
openbind,a71ev2a-x4880a,20,3,3
openbind,a71ev2a-x4880b,20,3,3
openbind,a71ev2a-x4882a,21,3,3
openbind,a71ev2a-x4882b,21,3,3
openbind,a71ev2a-x4883a,20,3,4
openbind,a71ev2a-x4883b,20,3,4
openbind,a71ev2a-x4885a,21,4,4
openbind,a71ev2a-x4885b,21,4,4
openbind,a71ev2a-x4894a,21,4,4
openbind,a71ev2a-x4895a,21,3,4
openbind,a71ev2a-x4895b,21,3,4
openbind,a71ev2a-x4899a,21,5,4
openbind,a71ev2a-x4899b,21,5,4
openbind,a71ev2a-x4903a,21,3,4
openbind,a71ev2a-x4903b,21,3,4
openbind,a71ev2a-x4908a,21,3,3
openbind,a71ev2a-x4914a,20,4,4
openbind,a71ev2a-x4918a,20,4,4
openbind,a71ev2a-x4921a,18,3,3
openbind,a71ev2a-x4922a,18,3,4
openbind,a71ev2a-x4924a,18,3,3
openbind,a71ev2a-x4926a,22,3,3
openbind,a71ev2a-x4928a,18,3,3
openbind,a71ev2a-x4934a,23,4,4
openbind,a71ev2a-x4935a,19,4,4
openbind,a71ev2a-x4940a,21,4,4
openbind,a71ev2a-x4943a,21,2,3
openbind,a71ev2a-x4943b,21,2,3
openbind,a71ev2a-x4947a,20,4,4
openbind,a71ev2a-x4949a,25,3,4
openbind,a71ev2a-x4954a,18,4,4
openbind,a71ev2a-x4959a,22,4,4
openbind,a71ev2a-x4959b,22,4,4
openbind,a71ev2a-x4963a,23,6,5
openbind,a71ev2a-x4963b,23,6,5
openbind,a71ev2a-x4967a,24,4,4
openbind,a71ev2a-x4967b,24,4,4
openbind,a71ev2a-x4967c,24,4,4
openbind,a71ev2a-x4974a,21,3,3
openbind,a71ev2a-x4977a,24,3,4
openbind,a71ev2a-x4977b,24,3,4
openbind,a71ev2a-x4979a,19,3,3
openbind,a71ev2a-x4979b,19,3,3
openbind,a71ev2a-x4980a,21,3,3
openbind,a71ev2a-x4986a,26,4,5
openbind,a71ev2a-x4986b,26,4,5
openbind,a71ev2a-x4992a,19,3,3
openbind,a71ev2a-x4994a,20,3,3
openbind,a71ev2a-x4998a,17,4,4
openbind,a71ev2a-x4998b,17,4,4
openbind,a71ev2a-x5015a,20,4,4
openbind,a71ev2a-x5015b,20,4,4
openbind,a71ev2a-x5016a,20,4,4
openbind,a71ev2a-x5022a,24,3,4
openbind,a71ev2a-x5022b,24,3,4
openbind,a71ev2a-x5028a,20,5,4
openbind,a71ev2a-x5036a,19,4,4
openbind,a71ev2a-x5036b,19,4,4
openbind,a71ev2a-x5039a,20,4,4
openbind,a71ev2a-x5039b,20,4,4
openbind,a71ev2a-x5052a,20,2,3
openbind,a71ev2a-x5065a,19,5,5
openbind,a71ev2a-x5073a,20,2,3
openbind,a71ev2a-x5079a,19,3,3
openbind,a71ev2a-x5079b,19,3,3
openbind,a71ev2a-x5081a,19,3,3
openbind,a71ev2a-x5081b,19,3,3
openbind,a71ev2a-x5082a,20,3,4
openbind,a71ev2a-x5082b,20,3,4
openbind,a71ev2a-x5090a,19,4,3
openbind,a71ev2a-x5091a,19,2,3
openbind,a71ev2a-x5104a,21,4,4
openbind,a71ev2a-x5106a,22,4,4
openbind,a71ev2a-x5150a,19,4,3
openbind,a71ev2a-x5151a,21,3,3
openbind,a71ev2a-x5171a,23,5,5
openbind,a71ev2a-x5171b,23,5,5
openbind,a71ev2a-x5177a,21,4,4
openbind,a71ev2a-x5182a,21,5,4
openbind,a71ev2a-x5200a,21,4,4
openbind,a71ev2a-x5203a,22,4,4
openbind,a71ev2a-x5203b,22,4,4
openbind,a71ev2a-x5210a,20,2,3
openbind,a71ev2a-x5210b,20,2,3
openbind,a71ev2a-x5212a,20,3,4
openbind,a71ev2a-x5213a,19,3,3
openbind,a71ev2a-x5213b,19,3,3
openbind,a71ev2a-x5219a,19,2,3
openbind,a71ev2a-x5219b,19,2,3
openbind,a71ev2a-x5221a,21,3,3
openbind,a71ev2a-x5222a,24,4,5
openbind,a71ev2a-x5226a,24,4,4
openbind,a71ev2a-x5231a,20,3,4
openbind,a71ev2a-x5247a,22,4,4
openbind,a71ev2a-x5247b,22,4,4
openbind,a71ev2a-x5249a,24,2,3
openbind,a71ev2a-x5255a,20,3,3
openbind,a71ev2a-x5258a,22,4,4
openbind,a71ev2a-x5261a,24,3,4
openbind,a71ev2a-x5262a,21,5,4
openbind,a71ev2a-x5262b,21,5,4
openbind,a71ev2a-x5268a,21,4,4
openbind,a71ev2a-x5276a,23,5,5
openbind,a71ev2a-x5277a,20,3,3
openbind,a71ev2a-x5278a,22,5,4
openbind,a71ev2a-x5283a,23,3,4
openbind,a71ev2a-x5283b,23,3,4
openbind,a71ev2a-x5288a,24,6,6
openbind,a71ev2a-x5288b,24,6,6
openbind,a71ev2a-x5289a,24,5,5
openbind,a71ev2a-x5289b,24,5,5
openbind,a71ev2a-x5317a,21,4,4
openbind,a71ev2a-x5339a,22,4,4
openbind,a71ev2a-x5339b,22,4,4
openbind,a71ev2a-x5351a,18,2,3
openbind,a71ev2a-x5359a,21,5,4
openbind,a71ev2a-x5359b,21,5,4
openbind,a71ev2a-x5366a,22,4,4
openbind,a71ev2a-x5366b,22,4,4
openbind,a71ev2a-x5381a,22,4,4
openbind,a71ev2a-x5381b,22,4,4
openbind,a71ev2a-x5383a,23,5,5
openbind,a71ev2a-x5387a,21,4,4
openbind,a71ev2a-x5387b,21,4,4
openbind,a71ev2a-x5388a,21,4,4
openbind,a71ev2a-x5389a,23,2,3
openbind,a71ev2a-x5393a,19,3,3
openbind,a71ev2a-x5394a,19,3,3
openbind,a71ev2a-x5394b,19,3,3
openbind,a71ev2a-x5398a,24,6,5
openbind,a71ev2a-x5401a,18,2,3
openbind,a71ev2a-x5402a,19,2,3
openbind,a71ev2a-x5403a,25,5,5
openbind,a71ev2a-x5409a,19,3,3
openbind,a71ev2a-x5409b,19,3,3
openbind,a71ev2a-x5424a,18,3,3
openbind,a71ev2a-x5424b,18,3,3
openbind,a71ev2a-x5425a,17,3,3
openbind,a71ev2a-x5425b,17,3,3
openbind,a71ev2a-x5427a,19,3,3
openbind,a71ev2a-x5431a,19,2,3
openbind,a71ev2a-x5431b,19,2,3
openbind,a71ev2a-x5448a,20,3,4
openbind,a71ev2a-x5449a,24,5,5
openbind,a71ev2a-x5449b,24,5,5
openbind,a71ev2a-x5452a,23,3,4
openbind,a71ev2a-x5452b,23,3,4
openbind,a71ev2a-x5460a,20,2,3
openbind,a71ev2a-x5461a,20,4,5
openbind,a71ev2a-x5462a,21,2,3
openbind,a71ev2a-x5466a,21,2,4
openbind,a71ev2a-x5475a,23,3,4
openbind,a71ev2a-x5475b,23,3,4
openbind,a71ev2a-x5479a,23,2,3
openbind,a71ev2a-x5482a,23,2,3
openbind,a71ev2a-x5488a,23,6,5
openbind,a71ev2a-x5489a,20,3,4
openbind,a71ev2a-x5489b,20,3,4
openbind,a71ev2a-x5494a,22,4,4
openbind,a71ev2a-x5497a,21,4,4
openbind,a71ev2a-x5509a,26,5,5
openbind,a71ev2a-x5512a,29,6,6
openbind,a71ev2a-x5512b,29,6,6
openbind,a71ev2a-x5525a,25,5,5
openbind,a71ev2a-x5525b,25,5,5
openbind,a71ev2a-x5526a,26,5,5
openbind,a71ev2a-x5533a,24,5,5
openbind,a71ev2a-x5539a,21,4,4
openbind,a71ev2a-x5539b,21,4,4
openbind,a71ev2a-x5544a,25,5,5
openbind,a71ev2a-x5550a,22,3,4
openbind,a71ev2a-x5556a,20,3,4
openbind,a71ev2a-x5559a,21,2,4
openbind,a71ev2a-x5570a,19,2,3
openbind,a71ev2a-x5572a,21,2,3
openbind,a71ev2a-x5576a,24,3,4
openbind,a71ev2a-x5576b,24,3,4
openbind,a71ev2a-x5581a,22,5,5
openbind,a71ev2a-x5584a,24,2,3
openbind,a71ev2a-x5584b,24,2,3
openbind,a71ev2a-x5594a,20,2,4
openbind,a71ev2a-x5594b,20,2,4
openbind,a71ev2a-x5598a,26,4,5
openbind,a71ev2a-x5598b,26,4,5
openbind,a71ev2a-x5599a,22,2,3
openbind,a71ev2a-x5599b,22,2,3
openbind,a71ev2a-x5604a,25,5,5
openbind,a71ev2a-x5608a,16,3,3
openbind,a71ev2a-x5608b,16,3,3
openbind,a71ev2a-x5635a,22,3,4
openbind,a71ev2a-x5635b,22,3,4
openbind,a71ev2a-x5665a,24,4,4
openbind,a71ev2a-x5666a,29,5,5
openbind,a71ev2a-x5673a,20,3,4
openbind,a71ev2a-x5676a,21,4,4
openbind,a71ev2a-x5687a,22,3,4
openbind,a71ev2a-x5699a,21,4,4
openbind,a71ev2a-x5705a,22,3,4
openbind,a71ev2a-x5705b,22,3,4
openbind,a71ev2a-x5721a,23,3,3
openbind,a71ev2a-x5721b,23,3,3
openbind,a71ev2a-x5727a,24,4,4
openbind,a71ev2a-x5728a,21,2,3
openbind,a71ev2a-x5744a,21,3,4
openbind,a71ev2a-x5747a,20,2,4
openbind,a71ev2a-x5753a,21,3,4
openbind,a71ev2a-x5758a,23,4,4
openbind,a71ev2a-x5758b,23,4,4
openbind,a71ev2a-x5764a,20,2,3
openbind,a71ev2a-x5764b,20,2,3
openbind,a71ev2a-x5766a,22,3,3
openbind,a71ev2a-x5777a,22,3,3
openbind,a71ev2a-x5777b,22,3,3
openbind,a71ev2a-x5779a,20,3,3
openbind,a71ev2a-x5788a,25,5,5
openbind,a71ev2a-x5793a,19,2,3
openbind,a71ev2a-x5793b,19,2,3
openbind,a71ev2a-x5798a,20,3,3
openbind,a71ev2a-x5798b,20,3,3
openbind,a71ev2a-x5802a,20,3,3
openbind,a71ev2a-x5802b,20,3,3
openbind,a71ev2a-x5808a,30,6,6
openbind,a71ev2a-x5808b,30,6,6
openbind,a71ev2a-x5819a,22,3,4
openbind,a71ev2a-x5819b,22,3,4
openbind,a71ev2a-x5822a,25,3,4
openbind,a71ev2a-x5824a,22,3,3
openbind,a71ev2a-x5824b,22,3,3
openbind,a71ev2a-x5830a,22,3,4
openbind,a71ev2a-x5833a,25,5,5
openbind,a71ev2a-x5836a,26,5,5
openbind,a71ev2a-x5850a,23,3,4
openbind,a71ev2a-x5854a,25,3,4
openbind,a71ev2a-x5857a,29,5,6
openbind,a71ev2a-x5864a,28,6,6
openbind,a71ev2a-x5868a,22,4,4
openbind,a71ev2a-x5877a,30,6,7
openbind,a71ev2a-x5879a,29,5,5
openbind,a71ev2a-x5879b,29,5,5
openbind,a71ev2a-x5884a,32,5,7
openbind,a71ev2a-x5891a,28,5,6
openbind,a71ev2a-x5894a,22,3,4
openbind,a71ev2a-x5898a,23,4,4
openbind,a71ev2a-x5949a,22,3,4
openbind,a71ev2a-x5992a,22,5,5
openbind,a71ev2a-x5992b,22,5,5
openbind,a71ev2a-x5995a,23,3,4
openbind,a71ev2a-x5995b,23,3,4
openbind,a71ev2a-x6021a,22,5,5
openbind,a71ev2a-x6025a,30,5,5
openbind,a71ev2a-x6027a,23,5,5
openbind,a71ev2a-x6028a,32,5,5
openbind,a71ev2a-x6032a,28,5,5
openbind,a71ev2a-x6035a,30,5,5
openbind,a71ev2a-x6714a,22,2,3
openbind,a71ev2a-x6726a,26,7,6
openbind,a71ev2a-x6730a,23,4,5
openbind,a71ev2a-x6736a,28,6,6
openbind,a71ev2a-x6738a,29,7,7
openbind,a71ev2a-x6739a,32,5,5
openbind,a71ev2a-x6746a,27,4,5
openbind,a71ev2a-x6769a,29,5,6
openbind,a71ev2a-x6776a,26,7,6
openbind,a71ev2a-x6778a,29,6,6
openbind,a71ev2a-x6791a,29,6,6
openbind,a71ev2a-x6794a,28,6,6
openbind,a71ev2a-x6797a,29,7,7
openbind,a71ev2a-x6802a,32,6,6
openbind,a71ev2a-x6808a,29,5,5
openbind,a71ev2a-x6816a,28,7,6
openbind,a71ev2a-x6816b,28,7,6
openbind,a71ev2a-x6818a,27,6,6
openbind,a71ev2a-x6819a,29,7,6
openbind,a71ev2a-x6821a,27,7,6
openbind,a71ev2a-x6827a,26,5,5
openbind,a71ev2a-x6832a,28,6,6
openbind,a71ev2a-x6838a,26,5,5
openbind,a71ev2a-x6841a,25,6,6
openbind,a71ev2a-x6844a,25,6,6
openbind,a71ev2a-x6847a,27,5,6
openbind,a71ev2a-x6851a,27,5,6
openbind,a71ev2a-x6853a,24,6,6
openbind,a71ev2a-x6856a,29,7,6
openbind,a71ev2a-x6877a,25,3,4
openbind,a71ev2a-x6895a,29,7,6
openbind,a71ev2a-x6914a,30,7,6
openbind,a71ev2a-x6920a,25,5,5
openbind,a71ev2a-x6925a,26,5,5
openbind,a71ev2a-x6932a,22,3,4
openbind,a71ev2a-x6934a,25,6,6
openbind,a71ev2a-x6938a,26,5,5
openbind,a71ev2a-x6944a,26,6,6
openbind,a71ev2a-x6945a,29,7,7
openbind,a71ev2a-x6948a,30,6,6
openbind,a71ev2a-x6948b,30,6,6
openbind,a71ev2a-x6955a,30,5,6
openbind,a71ev2a-x6955b,30,5,6
openbind,a71ev2a-x6973a,27,7,7
openbind,a71ev2a-x6980a,25,3,4
openbind,a71ev2a-x6991a,27,6,6
openbind,a71ev2a-x7002a,26,4,5
openbind,a71ev2a-x7008a,32,7,6
openbind,a71ev2a-x7011a,27,6,6
openbind,a71ev2a-x7015a,31,5,5
openbind,a71ev2a-x7018a,31,5,5
openbind,a71ev2a-x7021a,27,4,5
openbind,a71ev2a-x7024a,29,5,5
openbind,a71ev2a-x7025a,29,7,6
openbind,a71ev2a-x7026a,26,5,5
openbind,a71ev2a-x7026b,26,5,5
openbind,a71ev2a-x7031a,29,7,6
openbind,a71ev2a-x7032a,27,4,5
openbind,a71ev2a-x7035a,25,6,6
openbind,a71ev2a-x7038a,25,5,5
openbind,a71ev2a-x7043a,32,5,5
openbind,a71ev2a-x7043b,32,5,5
openbind,a71ev2a-x7044a,30,5,6
openbind,a71ev2a-x7046a,28,4,5
openbind,a71ev2a-x7050a,30,5,5
openbind,a71ev2a-x7056a,28,5,5
openbind,a71ev2a-x7070a,27,4,5
openbind,a71ev2a-x7071a,24,6,5
openbind,a71ev2a-x7093a,27,6,6
openbind,a71ev2a-x7095a,32,7,6
openbind,a71ev2a-x7096a,35,8,8
openbind,a71ev2a-x7101a,30,5,5
openbind,a71ev2a-x7127a,31,7,6
openbind,a71ev2a-x7130a,31,5,6
openbind,a71ev2a-x7132a,32,7,6
openbind,a71ev2a-x7135a,28,6,6
openbind,a71ev2a-x7147a,29,7,6
openbind,a71ev2a-x7151a,33,6,6
openbind,a71ev2a-x7154a,32,6,6
openbind,a71ev2a-x7161a,28,7,6
openbind,a71ev2a-x7167a,29,4,6
openbind,a71ev2a-x7167b,29,4,6
openbind,a71ev2a-x7169a,32,7,7
openbind,a71ev2a-x7170a,32,7,7
openbind,a71ev2a-x7172a,26,6,6
openbind,a71ev2a-x7175a,28,7,6
openbind,a71ev2a-x7176a,32,7,6
openbind,a71ev2a-x7184a,27,4,5
openbind,a71ev2a-x7190a,34,6,6
openbind,a71ev2a-x7238a,28,6,6
openbind,a71ev2a-x7246a,30,5,6
openbind,a71ev2a-x7247a,32,7,6
openbind,a71ev2a-x7250a,27,5,5
openbind,a71ev2a-x7251a,27,7,6
openbind,a71ev2a-x7254a,28,7,6
openbind,a71ev2a-x7256a,27,5,5
openbind,a71ev2a-x7257a,29,7,6
openbind,a71ev2a-x7259a,28,6,6
openbind,a71ev2a-x7260a,27,4,5
openbind,a71ev2a-x7261a,33,5,6
openbind,a71ev2a-x7263a,32,6,6
openbind,a71ev2a-x7284a,30,5,5
openbind,a71ev2a-x7287a,27,4,5
openbind,a71ev2a-x7297a,28,6,6
openbind,a71ev2a-x7301a,27,4,5
openbind,a71ev2a-x7301b,27,4,5
openbind,a71ev2a-x7307a,32,6,6
openbind,a71ev2a-x7309a,30,6,6
openbind,a71ev2a-x7316a,29,7,6
openbind,a71ev2a-x7317a,26,5,5
openbind,a71ev2a-x7317b,26,5,5
openbind,a71ev2a-x7318a,31,5,5
openbind,a71ev2a-x7321a,23,4,5
openbind,a71ev2a-x7323a,26,4,5
openbind,a71ev2a-x7333a,27,7,6
openbind,a71ev2a-x7334a,25,5,5
openbind,a71ev2a-x7334b,25,5,5
openbind,a71ev2a-x7338a,28,7,7
openbind,a71ev2a-x7339a,25,5,5
openbind,a71ev2a-x7350a,27,4,5
openbind,a71ev2a-x7350b,27,4,5
openbind,a71ev2a-x7353a,27,7,6
openbind,a71ev2a-x7353b,27,7,6
openbind,a71ev2a-x7359a,21,4,4
openbind,a71ev2a-x7368a,28,4,5
openbind,a71ev2a-x7369a,28,5,5
openbind,a71ev2a-x7369b,28,5,5
openbind,a71ev2a-x7372a,26,5,5
openbind,a71ev2a-x7379a,26,4,5
openbind,a71ev2a-x7389a,25,5,5
openbind,a71ev2a-x7410a,26,4,5
openbind,a71ev2a-x7420a,29,6,6
openbind,a71ev2a-x7424a,28,6,6
openbind,a71ev2a-x7427a,30,6,6
openbind,a71ev2a-x7430a,28,6,6
openbind,a71ev2a-x7432a,26,7,6
openbind,a71ev2a-x7433a,32,7,6
openbind,a71ev2a-x7436a,30,7,7
openbind,a71ev2a-x7436b,30,7,7
openbind,a71ev2a-x7442a,26,4,5
openbind,a71ev2a-x7445a,27,5,5
openbind,a71ev2a-x7446a,32,7,6
openbind,a71ev2a-x7448a,23,3,4
openbind,a71ev2a-x7459a,25,3,4
openbind,a71ev2a-x7461a,25,3,4
openbind,a71ev2a-x7465a,25,3,4
openbind,a71ev2a-x7465b,25,3,4
openbind,a71ev2a-x7475a,28,6,6
openbind,a71ev2a-x7475b,28,6,6
openbind,a71ev2a-x7491a,28,6,6
openbind,a71ev2a-x7491b,28,6,6
openbind,a71ev2a-x7501a,26,5,5
openbind,a71ev2a-x7501b,26,5,5
openbind,a71ev2a-x7510a,27,6,6
openbind,a71ev2a-x7510b,27,6,6
openbind,a71ev2a-x7515a,25,3,4
openbind,a71ev2a-x7533a,26,5,5
openbind,a71ev2a-x7533b,26,5,5
openbind,a71ev2a-x7545a,23,5,5
openbind,a71ev2a-x7545b,23,5,5
openbind,a71ev2a-x7558a,23,4,5
openbind,a71ev2a-x7560a,27,5,5
openbind,a71ev2a-x7560b,27,5,5
openbind,a71ev2a-x7570a,31,6,6
openbind,a71ev2a-x7576a,26,5,5
openbind,a71ev2a-x7576b,26,5,5
openbind,a71ev2a-x7580a,24,5,5
openbind,a71ev2a-x7580b,24,5,5
openbind,a71ev2a-x7589a,30,6,6
openbind,a71ev2a-x7597a,25,4,5
openbind,a71ev2a-x7608a,28,6,6
openbind,a71ev2a-x7613a,23,4,5
openbind,a71ev2a-x7622a,26,4,5
openbind,a71ev2a-x7631a,21,4,4
phibench,7hg0_a1a3p_b_1,18,4,4
phibench,7hg2_a1h97_a_1,15,1,2
phibench,7hg3_zqd_a_1_b,15,2,2
phibench,7hg4_uxg_a_b_1,18,3,3
phibench,7hg5_wv4_c_1,14,3,3
phibench,7hg6_2nu_b_1,14,3,3
phibench,7hg7_ejq_b_1,16,3,3
phibench,7hga_tu6_b_1,15,2,3
phibench,7hgd_a1a3s_a_b_1,15,3,2
phibench,7hgf_t0y_b_1,13,2,2
phibench,7hgi_a1a35_c_1,16,0,1
phibench,7hgj_zug_c_1,12,2,2
phibench,7hgl_wj4_c_1,13,2,2
phibench,7hgn_nx7_b_1,15,1,2
phibench,7hgr_a1am6_c_1,15,2,3
phibench,7hgx_a1a31_c_1,10,2,2
phibench,7hgy_uva_a_1_b,12,2,3
phibench,7hh5_wo7_c_1,10,0,1
phibench,7hh7_ljr_b_1,12,3,2
phibench,7hh9_a1a3w_c_1,11,3,3
phibench,7hha_te0_c_1,14,3,3
phibench,7hhd_a1a3v_a_b_1,11,3,3
phibench,7hhk_lpu_c_1,11,1,1
phibench,7hhl_a1a37_c_1,14,3,3
phibench,7hhm_uwd_c_1,12,2,2
phibench,7hia_a1amu_a_1,25,5,5
phibench,7hie_zv5_a_b_1_c,12,0,1
phibench,7hiq_a1bck_d_1,15,2,3
phibench,7hkb_a1am1_a_1,15,3,3
phibench,7hku_lv4_a_1,15,2,3
phibench,7hlb_s9s_b_1,14,4,3
phibench,7hmz_a1bfn_b_1,19,3,3
phibench,7hoc_k3j_b_1,10,2,2
phibench,7hod_a1bf6_b_1,10,0,1
phibench,9cii_thp_a_1,25,6,5
phibench,9cij_thp_a_1,25,6,5
phibench,9cik_thp_a_1,25,6,5
phibench,9cil_thp_a_1,25,6,5
phibench,9ciw_a1awu_d_1,42,8,7
phibench,9cj0_ep1_a_1,16,6,4
phibench,9ck0_edk_a_1,37,12,9
phibench,9cly_ndp_b_1,48,13,10
phibench,9cmz_a1aze_c_1,33,5,5
phibench,9cp7_nai_a_1,44,11,9
phibench,9csg_a1azr_a_1,54,19,15
phibench,9csi_a1azs_a_1,54,19,15
phibench,9csy_a1az1_a_1,36,5,6
phibench,9cu9_thp_a_1,25,6,5
phibench,9cuo_a1a0j_c_1_e,19,1,2
phibench,9cuw_a1az6_a_1,38,19,12
phibench,9cwn_edk_a_1,37,12,9
phibench,9cz7_a1a6a_a_b_1,30,9,6
phibench,9czt_a1a1e_a_1,26,4,5
phibench,9czu_a1a1d_c_1,33,7,7
phibench,9d00_a1a1a_a_1,30,6,7
phibench,9d3e_a1a1w_a_1,29,5,6
phibench,9d3g_a1a2a_a_1,30,5,5
phibench,9d4e_a1a1q_b_1,39,8,8
phibench,9d6c_qng_a_1_b,64,11,11
phibench,9d6d_qng_g_h_1,64,11,11
phibench,9d79_y33_a_1,27,7,6
phibench,9d7c_y33_c_1,27,7,6
phibench,9d8a_gdp_a_1,28,6,5
phibench,9d8e_a1a29_a_1,34,10,9
phibench,9d8s_amp_a_1,23,4,4
phibench,9d8z_a1a3d_a_1,40,9,9
phibench,9db2_a1a3l_b_1_c,25,6,5
phibench,9dc8_imp_a_1,23,4,4
phibench,9deq_a1a5g_a_b_1,34,11,7
phibench,9der_agg_a_b_1,30,14,8
phibench,9deu_56b_a_1,33,7,6
phibench,9dhg_a1a4p_a_1,32,5,6
phibench,9dhh_a1a4o_a_1,32,5,6
phibench,9dhl_a1au5_a_1,24,3,3
phibench,9di6_a1a51_a_1,23,4,5
phibench,9di9_a1a40_a_1,24,3,4
phibench,9dik_a1a52_b_1,24,4,5
phibench,9dik_fmn_a_1,31,7,6
phibench,9diz_a1a53_a_1,26,3,4
phibench,9djt_a1a5h_d_1,29,4,4
phibench,9djx_a1a5i_a_1_c,28,4,4
phibench,9dk2_atp_a_1,31,8,6
phibench,9dk3_adp_a_1,27,6,5
phibench,9dkq_a1a5q_a_1,29,4,5
phibench,9dmu_a1a7t_a_1_d,49,12,10
phibench,9dmu_imp_d_1,23,4,4
phibench,9do4_atp_b_1,31,8,6
phibench,9dqd_a1bep_a_1,25,3,3
phibench,9dqh_a1be2_a_1,30,4,4
phibench,9dqm_amp_a_b_1,23,4,4
phibench,9dre_adp_c_1_d,27,6,5
phibench,9drz_gdp_a_1,28,6,5
phibench,9dt6_c5p_g_h_1,21,4,4
phibench,9dt8_adp_a_b_1,27,6,5
phibench,9dta_a1bbv_b_1,32,5,6
phibench,9dtb_a1bbw_a_1,31,4,5
phibench,9dtc_amp_a_b_1,23,4,4
phibench,9du6_atp_a_b_1,31,8,6
phibench,9du7_a1bct_a_1,24,3,4
phibench,9due_a1bb6_a_1,20,2,3
phibench,9duq_gtp_b_a_1,32,8,6
phibench,9duu_adp_e_1,27,6,5
phibench,9dwd_qng_g_1_h,64,11,11
phibench,9e6z_qg7_a_1,33,12,8
phibench,9e8i_adp_c_1,27,6,5
phibench,9e8i_atp_a_f_1,31,8,6
phibench,9e8j_adp_d_1,27,6,5
phibench,9e8j_atp_c_1_d,31,8,6
phibench,9e8k_adp_b_1,27,6,5
phibench,9e8k_atp_d_1_e,31,8,6
phibench,9e8l_adp_b_1,27,6,5
phibench,9e8l_atp_e_1_f,31,8,6
phibench,9e8m_a1bf9_a_1,35,8,7
phibench,9e8n_adp_d_1_e,27,6,5
phibench,9e8n_atp_e_1_f,31,8,6
phibench,9e8o_adp_d_1_e,27,6,5
phibench,9e8o_atp_b_1_c,31,8,6
phibench,9e8q_adp_e_1_f,27,6,5
phibench,9ef0_fmn_a_1,31,7,6
phibench,9efc_a1bhy_b_1,23,6,4
phibench,9efr_a1bhx_b_1,25,7,5
phibench,9efx_a1bhw_a_1,27,7,5
phibench,9egr_a1bh7_a_b_1,22,6,5
phibench,9elx_a1bjh_a_1,24,5,5
phibench,9fwx_a1igx_a_1,19,4,3
phibench,9fxi_s77_c_1,25,3,4
phibench,9fxj_pbd_c_1,22,7,7
phibench,9fyb_nmn_a_1_b,22,5,5
phibench,9fyd_acp_f_1,31,8,6
phibench,9fyd_gdp_b_1,28,6,5
phibench,9fyd_gtp_a_1_b,32,8,6
phibench,9fyf_a1ig6_b_1,36,8,8
phibench,9fz7_caz_a_1,31,9,8
phibench,9fze_mer_a_1,26,7,6
phibench,9fzp_cef_a_1,26,7,7
phibench,9g35_ab1_a_1,46,15,10
phibench,9g7h_a1iiz_a_1,39,13,9
phibench,9g7h_ar6_a_1_b,36,9,7
phibench,9g9q_ann_b_1,11,2,3
phibench,9gao_a1ijm_c_1,20,4,4
phibench,9gbe_a1ij8_a_1,32,1,2
phibench,9gcf_a1ij5_a_1,44,6,6
phibench,9gcs_atp_e_1_c_f,31,8,6
phibench,9gct_atp_c_1_d_g,31,8,6
phibench,9gcu_adp_b_c_1,27,6,5
phibench,9gd2_adp_w_1,27,6,5
phibench,9gdi_a1ij1_a_1,38,4,5
phibench,9gg9_a1ikw_a_1,37,4,5
phibench,9ggh_a1iky_a_1,29,10,8
phibench,9ggk_a1ik2_a_1,26,10,8
phibench,9ghy_a1ilh_a_1,44,3,3
phibench,9gib_a1ilp_b_1,23,6,6
phibench,9gic_a1ilq_a_1,21,6,5
phibench,9gie_a1ils_a_1_b,26,6,6
phibench,9gig_a1ilo_b_1,24,6,6
phibench,9gij_a1il0_a_1,35,7,5
phibench,9gil_a1il7_a_1,36,2,2
phibench,9gip_a1ily_a_1,27,6,6
phibench,9gir_a1ilx_a_1,38,8,8
phibench,9gis_a1ilu_a_1_b,35,8,8
phibench,9git_a1ilw_a_1,41,10,8
phibench,9gj1_a1ime_b_1,19,4,4
phibench,9gj2_kh0_b_1,43,12,9
phibench,9gkv_shh_b_1,19,8,6
phibench,9gkx_shh_c_1,19,8,6
phibench,9gl3_atp_b_1_a,31,8,6
phibench,9gn4_ctn_a_1_b,17,2,3
phibench,9gn6_shh_a_1,19,8,6
phibench,9gnl_a8s_b_1,19,3,4
phibench,9gnq_adp_k_1,27,6,5
phibench,9gnq_gdp_b_1,28,6,5
phibench,9gny_cff_a_1,14,0,1
phibench,9gr7_sfg_a_1,27,7,6
phibench,9grs_a1h6y_b_1,11,1,2
phibench,9gu4_a1ipj_a_1,27,4,5
phibench,9gy8_a1iqm_a_1,30,6,5
phibench,9gyo_fwx_r_1,29,7,6
phibench,9h46_a1isa_a_1,28,5,5
phibench,9hjh_a1ivk_a_1,31,6,6
phibench,9hqj_a1h9t_a_1,15,2,3
phibench,9hql_vzm_a_1,17,3,4
phibench,9inr_a1d9k_a_1_b,41,9,10
phibench,9iul_tpf_a_1,22,5,4
phibench,9iuz_o6e_a_1,43,11,10
phibench,9izl_a1eag_a_1,23,2,3
phibench,9j1c_a1eau_b_1,50,18,13
phibench,9j4g_a1l3n_a_b_1,30,5,8
phibench,9j56_a1l3v_a_1,37,4,4
phibench,9j5d_tik_a_1,14,2,3
phibench,9j5v_a1l3q_r_1,20,6,6
phibench,9j6i_h9x_b_1,24,5,5
phibench,9j6o_a1l3s_a_1,39,5,6
phibench,9j8e_bt5_b_1,38,10,8
phibench,9j9c_u2f_c_1,36,9,7
phibench,9j9k_u2f_a_1,36,9,7
phibench,9jd2_mta_a_1,20,3,3
phibench,9jdc_lh6_b_1,21,6,5
phibench,9jdy_a1aij_a_1,25,4,5
phibench,9jff_33p_a_1,24,9,6
phibench,9jkp_gdp_b_1,28,6,5
phibench,9joa_uw0_a_1,26,9,6
phibench,9jqi_kn9_c_1,34,11,8
phibench,9k1j_a1eeb_b_a_1,11,0,1
phibench,9mdt_atp_b_1_d,31,8,6
phibench,9mfc_adn_a_1,19,2,3
phibench,9mhb_a1bla_a_1,25,3,4
posebusters,5sak_zry,18,2,2
posebusters,5sb2_1k2,30,6,6
posebusters,5sd5_hwi,29,9,7
posebusters,5sis_jsm,32,7,7
posebusters,6m2b_ezo,25,5,6
posebusters,6m73_fnr,31,7,6
posebusters,6t88_mwq,10,3,3
posebusters,6tw5_9m2,31,7,5
posebusters,6tw7_nzb,29,7,5
posebusters,6vta_akn,40,10,8
posebusters,6wtn_rxt,23,4,4
posebusters,6xbo_5mc,22,4,4
posebusters,6xct_478,35,11,7
posebusters,6xg5_top,21,5,5
posebusters,6xht_v2v,34,12,10
posebusters,6xm9_v55,11,2,3
posebusters,6yja_2ba,44,2,3
posebusters,6yms_ozh,35,13,9
posebusters,6yqv_8k2,10,1,2
posebusters,6yqw_82i,11,1,2
posebusters,6yr2_t1c,42,6,7
posebusters,6yrv_pj8,17,14,8
posebusters,6ysp_pal,16,6,4
posebusters,6yt6_pke,31,7,5
posebusters,6yyo_q1k,19,2,2
posebusters,6z0r_q4h,9,0,2
posebusters,6z14_q4z,18,3,3
posebusters,6z1c_7ey,22,5,4
posebusters,6z2c_q5e,26,6,4
posebusters,6z4n_q7b,20,4,4
posebusters,6zae_acv,24,11,8
posebusters,6zc3_jor,15,3,3
posebusters,6zcy_qf8,33,6,5
posebusters,6zk5_imh,19,2,3
posebusters,6zpb_3d1,18,2,3
posebusters,7a1p_qw2,13,6,5
posebusters,7a9e_r4w,6,1,2
posebusters,7a9h_tpp,26,8,5
posebusters,7afx_r9k,20,2,3
posebusters,7akl_rk5,19,1,2
posebusters,7an5_rdh,15,4,4
posebusters,7b2c_tp7,21,11,7
posebusters,7b94_anp,31,8,6
posebusters,7bcp_gco,13,5,6
posebusters,7bjj_tvw,10,0,1
posebusters,7bka_4jc,12,2,3
posebusters,7bmi_u4b,13,2,3
posebusters,7bnh_bez,9,1,2
posebusters,7btt_f8r,40,9,7
posebusters,7c0u_fgo,43,8,7
posebusters,7c3u_azg,11,0,1
posebusters,7c8q_dsg,9,3,3
posebusters,7cd9_fvr,33,6,5
posebusters,7cij_g0c,21,8,6
posebusters,7cl8_tes,21,0,1
posebusters,7cnq_g8x,9,1,2
posebusters,7cns_pmv,14,6,4
posebusters,7ctm_bdp,13,1,2
posebusters,7cuo_phb,10,1,2
posebusters,7d5c_gv6,31,8,8
posebusters,7d6o_mte,24,3,3
posebusters,7dkt_glf,12,1,2
posebusters,7dql_4cl,9,0,1
posebusters,7dua_hj0,23,3,4
posebusters,7e4l_mdn,9,2,2
posebusters,7ebg_j0l,14,1,2
posebusters,7ecr_sin,8,3,2
posebusters,7ed2_a3p,27,6,5
posebusters,7elt_tym,37,8,7
posebusters,7epv_fda,53,13,10
posebusters,7es1_udp,25,6,5
posebusters,7f51_ba7,44,11,9
posebusters,7f5d_euo,21,3,4
posebusters,7f8t_fad,53,13,10
posebusters,7fb7_8nf,9,0,1
posebusters,7fha_adx,27,6,5
posebusters,7frx_o88,30,6,5
posebusters,7ft9_4mb,14,3,3
posebusters,7jg0_gar,18,5,5
posebusters,7jhq_vaj,18,3,4
posebusters,7jmv_4nc,11,1,2
posebusters,7jxx_vp7,25,0,3
posebusters,7jy3_vud,27,4,4
posebusters,7k0v_vqp,32,5,5
posebusters,7kb1_wbj,22,7,6
posebusters,7kc5_bjz,37,4,6
posebusters,7km8_wpd,29,11,8
posebusters,7kqu_yof,14,3,3
posebusters,7kru_atp,31,8,6
posebusters,7kz9_xn7,11,6,4
posebusters,7l00_xcj,27,5,5
posebusters,7l03_f9f,22,7,5
posebusters,7l5f_xng,18,12,7
posebusters,7l7c_xq1,21,4,4
posebusters,7lcu_xta,39,8,6
posebusters,7lev_0jo,21,6,6
posebusters,7ljn_gtp,32,8,6
posebusters,7lmo_nyo,37,7,6
posebusters,7loe_y84,11,0,1
posebusters,7lou_ifm,10,1,2
posebusters,7lt0_onj,27,3,3
posebusters,7lzd_yhy,29,4,5
posebusters,7m31_tdr,9,0,1
posebusters,7m3h_ypv,24,7,6
posebusters,7m6k_yrj,33,8,7
posebusters,7mfp_z7p,50,13,10
posebusters,7mgt_zd4,28,6,5
posebusters,7mgy_zd1,23,4,4
posebusters,7mmh_zjy,57,9,8
posebusters,7moi_hps,11,2,2
posebusters,7msr_dca,47,17,13
posebusters,7mwn_wi5,32,4,4
posebusters,7mwu_zpm,7,1,2
posebusters,7my1_ipe,14,6,4
posebusters,7myu_zr7,35,5,6
posebusters,7n03_zrp,28,9,6
posebusters,7n4n_0bk,32,6,7
posebusters,7n4w_p4v,26,4,5
posebusters,7n6f_0i1,26,3,4
posebusters,7n7b_t3f,35,8,6
posebusters,7n7h_ctp,29,8,6
posebusters,7nf0_byn,37,7,6
posebusters,7nf3_4lu,36,7,6
posebusters,7nfb_gen,20,1,2
posebusters,7ngw_uaw,17,1,2
posebusters,7nlv_uje,21,6,5
posebusters,7np6_uk8,32,6,7
posebusters,7npl_ukz,27,6,6
posebusters,7nr8_uoe,45,9,8
posebusters,7nsw_hc4,12,2,3
posebusters,7nu0_dcl,8,3,3
posebusters,7nut_glp,16,3,3
posebusters,7nxo_uu8,34,5,6
posebusters,7o0n_cdp,25,6,5
posebusters,7o1t_5x8,25,6,5
posebusters,7ody_dgi,27,6,5
posebusters,7oeo_v9z,32,8,7
posebusters,7off_vcb,27,4,4
posebusters,7ofk_vch,35,4,7
posebusters,7oli_8hg,20,2,3
posebusters,7omx_cna,44,11,9
posebusters,7op9_06k,11,0,1
posebusters,7opg_06n,19,4,4
posebusters,7oso_0v1,7,3,3
posebusters,7oz9_ngk,19,4,4
posebusters,7ozc_g6s,16,3,3
posebusters,7p1f_kfn,17,4,5
posebusters,7p1m_4iu,24,5,5
posebusters,7p2i_mfu,12,1,2
posebusters,7p4c_5ov,16,1,2
posebusters,7p5t_5yg,23,6,5
posebusters,7pgx_fmn,31,7,6
posebusters,7pih_7qw,24,3,3
posebusters,7pjq_owh,10,1,3
posebusters,7pk0_byc,56,20,15
posebusters,7pl1_sfg,27,7,6
posebusters,7pom_7vz,22,4,4
posebusters,7pri_7ti,20,3,4
posebusters,7prm_81i,32,4,5
posebusters,7pt3_3kk,54,20,15
posebusters,7puv_84z,24,4,5
posebusters,7q25_8j9,33,14,9
posebusters,7q27_8kc,35,14,9
posebusters,7q2b_m6h,12,2,2
posebusters,7q5i_i0f,27,5,7
posebusters,7qe4_nga,15,2,3
posebusters,7qf4_rbf,27,5,5
posebusters,7qfm_ay3,20,2,3
posebusters,7qgp_dj8,35,3,3
posebusters,7qhg_t3b,42,12,10
posebusters,7qhl_d5p,30,8,7
posebusters,7qpp_vdx,30,6,5
posebusters,7qta_uri,17,2,3
posebusters,7r3d_apr,36,9,7
posebusters,7r59_i5f,13,0,1
posebusters,7r6j_2i7,33,7,6
posebusters,7r7r_awj,33,7,7
posebusters,7r9n_f97,31,5,5
posebusters,7rc3_sah,26,7,6
posebusters,7rh3_59o,34,7,8
posebusters,7rkw_5tv,25,5,4
posebusters,7rni_60i,31,4,4
posebusters,7ror_69x,35,8,7
posebusters,7rou_66i,39,10,7
posebusters,7rsv_7iq,20,1,2
posebusters,7rws_4ur,45,2,3
posebusters,7rzl_npo,10,1,2
posebusters,7scw_gsp,32,8,6
posebusters,7sdd_4ip,28,8,5
posebusters,7sfo_98l,25,4,4
posebusters,7siu_9id,31,6,6
posebusters,7suc_com,7,2,2
posebusters,7sza_dui,20,1,2
posebusters,7t0d_fpp,24,11,8
posebusters,7t1d_e7k,34,5,5
posebusters,7t3e_slb,21,5,6
posebusters,7tb0_ud1,39,10,8
posebusters,7tbu_s3p,16,3,3
posebusters,7te8_p0t,23,6,5
posebusters,7th4_ffo,34,10,7
posebusters,7thi_pga,9,3,3
posebusters,7tm6_gpj,10,4,3
posebusters,7tom_5ad,18,1,2
posebusters,7ts6_kmi,17,3,3
posebusters,7tsf_h4b,17,2,3
posebusters,7tuo_kl9,30,5,5
posebusters,7txk_lw8,15,4,3
posebusters,7typ_kur,37,5,6
posebusters,7u0u_fk5,57,7,7
posebusters,7u3j_l6u,38,14,10
posebusters,7uas_mbu,40,7,7
posebusters,7uaw_mf6,35,1,2
posebusters,7uj4_oq4,44,11,9
posebusters,7uj5_dgl,10,4,3
posebusters,7ujf_r3v,32,6,5
posebusters,7ulc_56b,33,7,6
posebusters,7umw_nad,44,11,9
posebusters,7uq3_o2u,12,2,2
posebusters,7ush_82v,26,2,3
posebusters,7utw_nai,44,11,9
posebusters,7uxs_ojc,35,1,2
posebusters,7uy4_smi,24,2,3
posebusters,7uyb_ok0,31,4,6
posebusters,7v14_oru,35,7,6
posebusters,7v3n_akg,10,4,3
posebusters,7v3s_5i9,38,6,6
posebusters,7v43_c4o,8,0,1
posebusters,7vb8_stl,17,2,3
posebusters,7vbu_6i4,17,1,2
posebusters,7vc5_9sf,22,4,3
posebusters,7vkz_noj,11,1,2
posebusters,7vq9_isy,14,6,4
posebusters,7vwf_k55,33,11,9
posebusters,7vyj_ca0,26,5,5
posebusters,7w05_gmp,20,2,3
posebusters,7w06_itn,9,3,3
posebusters,7wcf_acp,31,8,6
posebusters,7wdt_ngs,19,4,4
posebusters,7wjb_bgc,12,1,2
posebusters,7wkl_caq,8,0,1
posebusters,7wl4_jfu,34,5,5
posebusters,7wpw_f15,17,13,8
posebusters,7wqq_5z6,27,4,7
posebusters,7wux_6oi,17,8,6
posebusters,7wuy_76n,30,3,4
posebusters,7wy1_d0l,26,11,7
posebusters,7x5n_5m5,30,4,6
posebusters,7x9k_8og,24,4,4
posebusters,7xbv_apc,31,8,6
posebusters,7xfa_d9j,41,5,7
posebusters,7xg5_plp,16,4,4
posebusters,7xi7_4ri,20,6,5
posebusters,7xjn_nsd,9,6,4
posebusters,7xpo_upg,36,9,7
posebusters,7xqz_fpf,25,11,8
posebusters,7xrl_fwk,19,2,3
posebusters,7yzu_do7,16,3,3
posebusters,7z1q_nio,9,1,2
posebusters,7z2o_iaj,14,1,2
posebusters,7z7f_if3,14,2,3
posebusters,7zcc_oga,10,2,3
posebusters,7zdy_6mj,11,1,2
posebusters,7zf0_dhr,11,1,3
posebusters,7zhp_iqy,27,2,5
posebusters,7zl5_iwe,23,5,5
posebusters,7zoc_t8e,15,3,4
posebusters,7ztl_bcn,11,6,4
posebusters,7zu2_dht,21,0,1
posebusters,7zxv_45d,42,10,11
posebusters,7zzw_kkw,29,3,4
posebusters,8a1h_dlz,23,5,5
posebusters,8a2d_kxy,49,8,9
posebusters,8aau_lh0,27,5,6
posebusters,8aem_lvf,13,1,2
posebusters,8aie_m7l,23,8,6
posebusters,8ap0_prp,22,7,5
posebusters,8aql_plg,20,7,5
posebusters,8auh_l9i,11,3,4
posebusters,8ay3_oe3,25,5,4
posebusters,8b8h_ojq,22,6,5
posebusters,8bom_qu6,35,6,6
posebusters,8bti_rfo,15,2,2
posebusters,8c3n_adp,27,6,5
posebusters,8c5m_mta,20,3,3
posebusters,8cnh_v6u,25,4,4
posebusters,8csd_c5p,21,4,4
posebusters,8d19_gsh,20,9,6
posebusters,8d39_qdb,17,3,4
posebusters,8d5d_5dk,27,10,8
posebusters,8dhg_t78,35,7,8
posebusters,8dko_tfb,8,1,2
posebusters,8dp2_uma,49,15,12
posebusters,8dsc_nca,9,1,2
posebusters,8eab_vn2,49,7,10
posebusters,8ex2_q2q,26,2,4
posebusters,8exl_799,34,5,6
posebusters,8eye_x4i,33,7,6
posebusters,8f4j_pho,64,20,13
posebusters,8f8e_xji,29,6,5
posebusters,8fav_4y5,33,3,5
posebusters,8flv_zb9,29,5,5
posebusters,8fo5_y4u,17,3,3
posebusters,8g0v_yht,26,6,6
posebusters,8g6p_api,13,6,5
posebusters,8gfd_zhr,26,6,5
posebusters,8hfn_xgc,24,6,6
posebusters,8ho0_3zi,22,2,2
posebusters,8slg_g5a,27,6,5
